PlanID,CourseID,Semester
465,THEA416,SP24
792,HIST337,FA20
538,NS102,FA24
974,ANSC498,SP24
614,SHS121,SP25
942,ACE435,FA24
532,SLCL520,FA23
41,MACS425,FA23
892,LER547,FA21
508,ATMS371,SP24
388,AFST410,SP22
438,CLCV111,SP22
574,ECE330,FA21
448,CI471,SP24
951,CHIN409,FA22
608,LING400,FA23
954,SLAV418,FA20
81,DTX210,FA22
324,ARCH522,SP25
843,CMN321,SP25
169,RST317,FA23
931,MUS474,SP23
992,MBA503,SP22
590,CHEM585,FA23
392,TE462,SP22
686,BTW402,FA21
642,ATMS407,FA24
344,SOCW101,SP24
132,ARTS451,SP25
881,SOCW470,SP22
402,CEE597,FA20
672,MDVL505,SP25
773,GGIS101,FA23
95,PS348,SP23
117,CMN323,SP25
876,RST218,SP25
14,PHYS407,FA20
13,GER332,SP23
616,ANTH404,SP21
179,HDFS594,FA21
592,REL494,SP22
254,LING291,SP25
615,ACCY590,FA23
770,RMLG559,FA23
998,VCM564,FA20
278,HK411,SP23
128,PS389,SP24
864,UP426,FA21
357,CPSC448,FA24
206,MUSC103,FA22
162,MUS553,FA23
956,QUEC410,SP24
390,QUEC410,FA24
995,HIST199,SP24
238,GGIS466,FA22
980,ECE535,SP25
203,CI541,SP25
686,LING100,FA22
128,NUTR524,SP22
537,CLE780,SP25
190,RHET233,FA23
248,HIST263,SP23
185,EPOL598,FA21
381,HIST503,SP25
40,EPOL370,SP21
208,ECON436,SP21
222,HIST392,FA21
20,ECON599,SP25
19,CPSC352,SP24
447,ANTH420,FA20
93,THEA492,SP25
139,ME496,SP22
620,CI482,SP21
226,SHS551,FA20
715,VCM648,SP21
532,AFST446,SP25
69,EPOL481,FA20
277,CEE408,SP23
279,CI568,SP21
113,LA563,FA22
774,ME410,SP23
803,ASRM561,SP21
366,ME471,SP22
548,ARTE355,SP22
386,REL201,SP24
258,UP327,FA20
342,HK470,FA23
5,CMN102,SP24
691,THEA595,SP23
959,PSM501,FA20
584,MUS513,SP22
221,SOC586,SP22
106,STAT480,SP22
30,IS515,SP23
384,LER562,FA24
254,MUSC532,FA21
307,SE398,SP25
233,PHIL583,FA23
785,AAS496,SP24
151,HIST236,FA23
611,MATH503,FA20
602,HDFS581,SP22
33,ARCH472,FA21
754,IS538,FA22
950,PSYC550,SP24
335,AFST243,SP25
951,THEA373,FA23
734,ECE478,SP24
52,PHIL454,SP25
997,ALEC505,FA24
761,JOUR456,SP21
33,DANC100,SP25
817,PS596,FA24
427,GGIS370,FA21
829,ACE344,SP23
317,SPAN310,SP23
823,HK462,SP25
261,REL481,FA24
481,CW404,SP21
428,MATH402,FA21
779,CPSC480,SP25
585,PS376,SP22
410,MBA564,FA24
391,ARTD101,FA24
23,ENVS220,FA20
840,ECE311,SP25
844,BSE660,FA24
651,HIST420,FA22
43,LER290,SP21
88,EPOL530,FA21
122,GWS432,SP21
553,ETMA-467,FA24
159,LLS372,SP23
4,NEUR453,SP24
60,ARTE260,FA24
843,CI520,SP23
727,PS494,SP25
107,LING412,SP23
238,KOR203,FA23
502,BADM546,FA23
704,AGCM440,SP22
749,ATMS301,FA22
219,GGIS484,SP25
413,BADM314,SP22
218,BADM583,FA24
36,SOCW513,FA21
479,BCS101,FA20
288,IS439,FA24
647,ASRM453,SP25
511,IB494,FA22
132,THEA461,FA24
188,CS522,SP22
188,CSE298,SP24
509,ARTJ399,SP23
92,CHEM360,SP25
625,CPSC556,FA20
319,CHBE451,FA20
273,NS308,SP22
84,NPRE448,SP25
628,SPAN228,FA23
50,NE431,FA22
959,ENGL412,SP23
48,BSE721,FA21
378,BIOE400,FA20
750,ASRM469,FA20
811,LEAD480,SP25
614,EPOL412,FA22
58,SPAN432,SP22
976,CHBE597,FA23
76,TAM428,SP22
178,REL116,FA21
456,ATMS447,SP22
589,SOCW298,SP22
643,CI599,SP25
710,FR485,SP21
862,HIST381,SP21
641,ARCH501,SP24
806,CMN334,SP22
766,EIL511,FA20
572,STAT528,SP21
223,EPOL402,SP23
368,HDFS501,FA20
50,ANTH454,FA21
634,PSYC351,FA22
421,EALC132,SP23
268,REL104,SP22
215,LER598,SP24
810,MSE499,FA24
921,BADM577,FA21
989,EALC305,SP23
379,NUTR440,SP21
71,ECE508,SP25
88,MUSC123,SP22
51,IB199,SP22
406,CWL312,SP21
178,CS446,FA22
660,PHIL438,FA23
391,REL401,SP23
147,ENGL284,SP24
686,NPRE597,SP25
949,HIST325,FA24
870,PS506,SP22
176,THEA429,FA23
251,MUS344,FA23
145,CMN417,SP22
42,MACS503,FA21
295,REL214,SP21
292,CS483,FA20
99,ANTH498,SP22
887,CEE571,SP21
83,CI420,FA23
852,REES496,SP22
443,MACS466,FA20
384,IS441,SP22
746,IE412,SP23
753,DANC531,FA24
192,ACCY558,FA22
34,GGIS221,SP23
158,CLCV411,SP22
786,FSHN552,SP21
861,ARTJ302,FA20
195,IE361,FA22
280,UP481,SP21
610,IE430,FA23
225,BIOE489,SP24
818,AFRO595,SP21
108,AFST435,FA23
20,ESL515,FA24
546,LAS102,FA24
634,NPRE558,FA21
775,MACS295,FA21
165,AGED510,SP21
352,AFST454,SP25
514,HK445,FA21
963,MCB314,SP22
122,BIOE485,SP22
129,CPSC266,SP25
491,HK474,SP25
518,NRES302,SP24
522,AE542,FA22
23,ME403,FA20
132,CWL350,SP24
512,CWL216,FA24
849,SAME150,FA22
263,PSYC507,FA21
408,PHIL433,SP24
955,IS503,SP22
211,SHS592,SP24
824,EIL511,FA20
346,EPOL472,FA20
849,IS299,SP23
298,PHYS326,SP22
285,STAT429,SP23
37,PS398,SP23
957,LLS517,SP21
178,PHYS475,SP24
59,CPSC593,SP22
326,YDSH420,FA21
105,CEE544,FA20
276,ANSC298,SP24
657,ASTR503,SP23
656,FIN447,FA24
122,LAW668,SP25
332,MUSC403,FA21
618,CPSC540,FA20
98,MUS207,SP21
436,SHS513,FA22
474,MUSC492,FA24
505,HK446,SP25
394,CLE764,FA22
831,ANTH518,FA22
240,NPRE523,FA23
312,PHYS514,FA20
285,EPOL558,FA24
589,CHBE413,SP25
798,ENG111,SP22
671,GSD523,SP25
261,IB372,SP21
200,MATH484,FA22
858,ARTS205,FA24
427,GEOL117,SP21
896,IS457,SP24
52,BIOE298,FA21
687,INFO510,FA22
40,AFST434,FA22
621,CPSC436,FA22
152,ANSC541,FA23
294,AAS258,SP22
184,MUS543,SP23
609,MUSC456,FA23
479,ARTD506,SP25
896,CSE513,SP23
959,BADM322,FA20
523,ECE542,SP25
594,HIST572,SP25
326,AIS503,FA22
352,GER212,SP22
923,CI441,SP25
227,ANTH387,SP21
239,EALC470,SP21
193,MUS502,SP21
289,THEA374,FA23
638,EPOL581,SP22
212,MATH533,SP21
482,FR102,FA23
864,LAS101,FA24
181,IB433,SP22
598,HDFS396,FA22
40,IS496,FA21
638,DANC302,FA21
341,AE484,SP23
789,CI526,FA20
779,NRES461,SP21
661,EPSY460,SP23
706,PBIO599,FA20
651,ESE360,SP25
783,EPSY427,FA23
670,CHBE475,SP23
482,LING304,FA20
983,HIST356,FA20
351,CEE543,SP24
537,SPAN242,SP23
998,LAS292,FA23
869,EALC560,SP25
470,ATMS449,SP24
339,LING290,FA20
762,PSYC408,FA23
732,ME455,FA20
36,AIS199,FA22
909,ANTH363,SP21
746,HDFS425,SP25
298,ENGL486,FA20
146,VCM585,SP23
836,VCM644,FA24
640,ECON585,FA23
200,GGIS484,FA23
469,IB201,FA24
548,ARCH472,FA24
414,CS211,SP24
457,FIN434,FA21
266,ME453,FA24
416,NRES362,SP25
159,MCB244,FA21
733,PERS199,FA22
237,RUSS511,SP22
106,CEE410,SP21
309,NRES527,SP24
833,CHBE472,SP21
933,SPAN558,SP22
322,CI468,SP22
646,HIST499,FA23
934,PS359,FA24
5,AE452,SP22
614,CHBE455,FA20
575,CMN101,FA24
921,PHIL222,FA23
642,RMLG199,FA24
441,DANC245,SP21
442,LLS246,SP23
428,ECE415,FA22
182,ARTH310,SP25
678,LLS305,FA24
973,SOCW562,SP24
210,CMN390,SP25
212,IB512,FA21
1000,ARTD326,SP25
285,CWL389,FA20
805,ALEC540,FA20
954,AFST435,SP23
643,PHYS100,FA20
843,UP480,SP23
845,MUS342,FA22
592,MDVL440,FA22
900,CHEM437,FA21
553,PHIL201,SP21
904,LLS433,FA21
954,CHEM572,FA20
847,THEA374,FA21
469,JS502,SP21
456,ARTH212,SP23
126,MUSC115,SP24
228,MUS350,FA22
64,LING401,FA24
7,ESL111,FA20
483,CW204,FA20
809,MICR590,SP21
374,ECON482,SP25
472,SE550,FA22
205,GGIS370,FA20
144,MBA562,SP22
951,ANSC446,FA21
325,GWS450,FA23
173,MACS485,SP21
965,ARTS230,FA21
548,BADM310,FA21
618,ENGL114,SP25
444,ANTH403,FA24
315,ANTH590,FA21
674,LA352,SP25
158,ARTE260,SP25
595,MSE495,SP25
831,PSYC301,SP23
246,NRES500,FA20
421,SOCW240,SP21
359,ECON414,SP21
28,HORT363,FA21
413,ATMS420,SP25
243,GGIS391,FA24
121,PSYC433,FA21
53,HDFS460,SP23
889,EPOL490,SP23
815,CEE421,FA24
823,ACE599,SP21
500,PS330,SP21
404,ME410,SP23
94,PS314,SP23
265,MATH530,FA24
452,NEUR445,FA23
330,IB502,FA24
997,HK441,FA22
862,REL160,FA21
111,GEOL350,SP21
64,CLE771,FA20
991,CMN423,FA21
817,CWL275,SP25
92,BIOE479,FA22
561,PORT199,SP25
872,CMN437,SP24
945,FIN300,FA24
124,SPED395,FA23
11,AAS291,SP23
213,SPED595,FA24
750,ACCY499,FA23
655,ECE567,SP25
478,GSD590,FA21
876,CHEM445,SP21
399,ACE221,SP23
406,EIL413,SP22
5,AAS215,SP25
260,ARCH545,FA20
759,PORT150,SP21
868,IS565,FA22
20,MACS423,FA21
185,MUS355,SP24
652,SLAV505,FA24
258,MUSC522,FA20
768,BIOP595,SP24
992,JS320,FA20
671,CSE532,FA22
643,LLS490,SP21
544,CPSC413,FA24
297,ESL112,FA20
948,GGIS483,SP24
99,LAW307,FA20
913,BADM320,SP23
272,UP533,FA23
100,MUS540,SP23
794,ACE571,FA21
952,ARCH598,FA21
163,CSE498,FA23
13,ACCY410,FA22
712,GWS199,SP23
98,EPSY566,SP24
422,PSYC541,FA23
609,ABE498,FA21
813,SPED437,SP24
856,SOCW300,FA22
113,ANSC440,SP21
549,TURK270,SP25
315,THEA220,SP23
283,GSD503,FA23
203,HIST290,FA24
754,NUTR527,SP21
740,THEA413,SP24
897,CI436,FA23
16,CMN321,FA20
975,NEUR520,SP22
181,FSHN472,FA20
785,BADM561,SP25
290,SPED592,FA21
230,RUSS523,FA20
86,ARTS454,SP24
847,BADM589,FA23
577,NRES488,FA24
958,EPOL310,FA21
210,SOC575,SP24
731,CEE409,SP24
933,FIN527,SP24
158,DANC363,SP22
190,PS320,SP24
217,ECE584,FA23
518,AHS399,FA22
829,PHYS394,FA21
184,FSHN329,FA23
498,ACE505,FA23
558,TE333,FA23
79,HT503,FA21
833,GER385,FA21
244,LAW631,FA21
534,GWS397,SP25
218,ARCH274,FA22
837,TE200,SP24
118,MACS485,FA21
35,CWL190,FA24
946,LING401,FA23
791,EPOL201,SP24
816,MACS419,SP22
647,EPSY578,SP23
581,UP312,FA21
376,ANSC307,FA20
537,CS507,SP24
557,CHEM436,FA22
814,PSYC498,SP22
916,HIST382,FA21
907,ANTH364,SP22
233,FIN543,FA22
151,BADM515,FA24
924,SOC100,FA21
167,REL101,SP25
252,AFRO435,FA23
258,ESE287,FA21
156,MATH555,FA22
675,ME432,SP24
840,TAM554,SP24
53,IS584,FA22
34,ANSC520,SP25
413,EPOL544,SP21
546,IB405,SP23
148,EPOL538,FA20
242,PSYC515,FA22
855,MATH550,SP22
725,ANTH143,FA22
297,ITAL310,SP22
452,YDSH320,SP25
452,ESL504,SP22
614,GLBL240,SP25
427,SCAN492,FA24
46,MUSC526,FA22
981,ENGL121,SP24
980,STAT558,FA23
80,CWL389,SP22
965,RST440,FA24
434,MUS123,FA20
556,IB302,SP24
902,AE452,SP25
846,HDFS420,SP23
189,EALC225,FA24
906,ENGL209,FA24
968,NRES348,FA21
823,ETMA-486,SP22
165,HDFS586,SP25
256,RST430,SP23
511,ARCH535,SP25
576,REL291,SP24
836,ME510,FA20
682,SPAN491,SP21
944,SHS280,SP21
285,HIST140,SP24
251,FSHN510,SP22
968,MUSC411,FA21
24,CS105,FA23
284,HIST293,SP23
737,NEUR461,FA23
578,BADM532,FA24
872,SOC373,SP22
542,CHBE565,FA23
379,GSD597,SP24
905,SHS380,SP21
853,ECE586,SP24
498,CHEM545,SP21
131,CS586,FA22
518,HK461,SP22
438,ATMS512,SP23
66,HIST410,FA24
781,ENGL495,FA21
801,TAM451,SP25
282,AAS199,SP21
665,LER599,FA20
823,SPED452,SP21
930,GSD103,FA20
547,PSYC341,SP21
286,ECE443,SP23
780,ASRM597,SP25
843,BADM538,FA22
307,LAW624,FA24
844,JOUR500,FA21
92,CWL441,SP23
362,VM611,SP25
405,ATMS490,FA20
358,CEE537,FA22
181,LER526,FA21
696,BIOE501,SP24
916,LAW656,SP25
61,ARTS405,SP23
142,PS503,SP24
273,ADV393,SP23
584,FR195,FA24
86,CLE776,SP22
611,FSHN442,SP25
735,HNDI405,FA24
877,CMN467,SP24
602,SPAN418,FA23
303,SHS557,FA23
533,MACS264,SP22
748,SOCW500,FA23
60,MDIA572,FA22
183,LING423,SP24
349,HEBR405,SP25
764,GC498,FA23
127,CEE508,SP22
381,BSE745,SP24
346,AIS199,SP23
105,ADV409,SP24
829,CLE795,SP23
893,HIST448,SP21
765,EPSY590,SP24
450,GSD529,FA22
652,GER494,SP21
849,PSYC250,SP25
615,GER510,SP22
642,SPED525,FA22
56,CLCV515,FA22
207,MACS485,FA20
411,BADM571,FA20
504,NUTR526,FA22
219,ANSC450,SP22
322,MUSC503,SP22
855,EPOL235,FA21
300,ACCY451,FA21
830,PSYC432,FA24
914,FIN445,SP25
457,FR501,SP21
497,IS445,SP21
593,SOCW580,FA21
101,ANTH375,SP23
626,MCB509,FA21
848,CI420,FA24
397,GEOL454,SP25
228,CEE440,SP21
631,GC598,SP25
502,EURO596,SP21
855,AE564,SP24
860,IE524,FA23
385,NS100,SP21
363,CMN550,FA23
20,HORT396,SP24
230,MATH466,SP24
561,STAT424,FA20
664,THEA560,FA22
286,CHEM295,FA22
129,GWS204,SP21
71,GER101,SP23
508,IB368,FA23
205,SE397,SP23
266,HIST212,FA24
314,CMN340,FA24
913,ENGL373,SP24
923,INFO199,SP24
791,HORT341,SP25
667,ACES295,FA20
50,EPOL512,SP22
994,CS585,SP21
608,CEE545,FA21
35,FR503,SP25
259,TRST508,SP24
595,HK272,SP23
789,GER331,FA23
782,AFST406,FA22
892,REL350,FA23
804,ACE440,SP24
372,IS420,FA24
723,MBA505,FA22
776,IB290,SP21
970,SOC101,FA20
264,ARTE303,SP24
716,CWL271,FA20
632,PORT572,FA21
388,IS508,FA23
574,EALC560,FA24
36,CPSC594,SP25
16,HIST389,SP23
682,CS361,FA21
273,FSHN175,FA24
868,MUS501,FA21
997,GSD390,FA22
46,SCAN494,FA23
357,NUTR524,SP24
331,GSD590,SP25
641,ACCY504,SP21
85,MUS469,FA23
4,MATH314,FA21
522,INFO448,FA23
118,CI587,FA22
130,AFRO231,SP22
851,EALC398,FA22
478,MDIA568,FA24
532,CLE741,FA23
154,PS386,FA22
584,IB362,FA21
926,NS307,SP25
486,ECE486,FA24
321,PS391,SP21
74,SHS150,FA20
752,CHEM482,FA21
574,MUS429,FA24
468,PS397,FA21
239,DANC510,FA21
184,GER103,FA22
580,PS317,SP21
114,LAS220,FA22
183,SOC387,FA24
805,GEOL208,FA20
479,FIN572,SP22
933,HK453,SP24
157,EPOL471,FA24
551,RST555,FA23
643,HK517,FA20
524,BIOE404,FA21
181,CI517,FA24
379,ENGL220,SP25
166,HIST130,FA24
871,ENGL357,SP23
56,ESL507,SP21
761,PS225,SP23
456,BSE602,FA22
420,MUSC105,FA23
755,DANC375,SP22
879,BIOP590,SP25
390,GER201,FA20
54,MILS201,SP21
176,BIOC590,FA24
43,LING222,SP22
136,JOUR410,SP23
936,SOC447,SP23
1,CI542,FA24
975,ANTH374,SP23
523,NRES488,FA22
175,AE199,FA24
908,BADM460,SP21
468,REL332,SP25
251,MUSC435,SP25
864,CMN575,SP25
962,ETMA-467,SP25
560,LING304,FA21
899,BIOE504,FA23
122,CWL215,FA23
509,JAPN204,SP22
137,DANC245,FA23
121,EPOL325,FA23
977,CLE692,SP23
410,PHIL599,FA20
41,ACE345,FA22
312,ME523,SP25
828,IS500,SP23
944,ETMA-295,FA21
794,ARTH433,FA21
697,ACCY405,SP24
813,NRES505,FA20
110,CHBE321,SP25
618,CI560,SP22
432,MUS415,SP24
111,MCB433,FA21
76,ENG571,SP21
603,SPED453,SP22
350,VCM585,SP24
522,ECON505,FA24
108,ABE598,FA23
573,ADV270,SP21
84,GEOL118,SP24
208,MUS545,SP24
47,IS420,SP23
789,HIST395,FA23
605,CEE442,FA20
326,IB230,FA20
261,JS212,FA20
849,ENGL421,FA20
826,ACES101,SP21
907,FR588,FA22
101,LER290,SP24
761,PSYC329,FA21
543,KOR204,SP25
502,VM607,SP21
340,ESE421,FA24
428,HIST275,SP22
105,FIN395,FA24
837,ECE539,FA21
537,PHYS595,SP23
715,ASRM461,FA22
190,CI508,FA20
979,MSE500,FA23
974,PS314,SP24
616,THEA442,SP21
132,CPSC433,SP22
985,SOCW510,SP25
598,HNDI201,FA22
855,ECE472,FA20
207,MUS546,SP25
672,PSYC144,SP24
129,EIL580,SP25
208,MATH181,SP24
221,IS266,FA23
237,ENGL247,FA21
487,ANTH503,SP21
207,VCM693,SP23
705,UP475,SP25
46,TAM536,FA24
20,ACE571,FA23
156,SOC162,SP22
907,TAM557,SP23
156,GLBL494,FA23
605,CPSC407,SP22
853,PS343,FA24
497,GEOL565,FA22
427,ABE466,SP22
974,ESL511,SP21
616,IS467,FA22
798,AGCM398,SP21
488,SLAV505,FA20
271,FIN570,FA20
441,EPSY456,SP21
449,ARCH172,SP23
994,CMN375,SP23
257,PS590,SP23
83,CI468,FA22
48,POL245,SP25
102,CS549,SP25
827,LER580,FA21
765,MATH599,SP21
806,MCB299,SP25
687,CLCV132,FA20
802,EOL540,FA24
760,EPOL524,SP21
485,INFO599,SP22
216,GEOL591,SP21
406,MUS526,FA23
760,MACS408,SP21
480,IS565,FA23
250,NRES452,SP23
621,CMN277,SP23
783,THEA486,SP21
449,HK550,FA22
206,HIST135,SP25
561,SAME250,FA20
870,MCB413,SP23
472,IS266,SP23
234,CEE521,SP22
701,ECE470,SP24
353,CB564,SP21
979,LA482,SP21
183,ARCH412,FA22
580,AE598,SP21
22,NPRE554,FA21
248,GRKM454,FA22
456,HORT105,FA21
271,HK404,SP25
669,CS572,SP21
736,GSD522,FA23
357,PSYC361,SP23
510,SPED410,FA23
459,MUS342,FA20
56,SBC510,FA22
986,GER470,SP21
954,IS540,FA24
722,LA453,SP22
994,HK262,FA22
391,ME590,FA21
457,EDUC102,SP21
407,LAW675,FA21
351,THEA431,FA20
457,FR309,FA20
472,ANTH360,SP25
19,ETMA-464,SP25
64,CWL571,SP25
251,BIOE570,FA24
206,HNDI199,SP25
16,ECE519,SP25
672,EPOL584,SP24
263,ARTJ299,FA22
637,PHIL513,SP21
793,EPOL592,SP24
213,SHS121,FA21
329,ANTH259,FA21
574,LEAD480,SP23
341,HK520,FA23
870,ARTH440,FA24
409,UP335,FA23
974,CLE675,SP22
581,JOUR482,SP22
445,BSE707,FA21
506,IS582,FA20
37,ENG398,SP23
203,EPOL380,FA24
465,ENGL273,FA22
645,CS563,SP25
389,AIS291,FA24
531,ECE220,SP24
51,MDVL412,SP23
925,IB468,FA21
222,MATH593,FA22
222,ARCH481,SP23
746,PSYC328,SP23
215,UP501,SP21
429,HIST551,FA23
352,CWL111,SP21
32,CS512,SP24
912,PS597,FA21
403,PS584,FA24
407,ALEC540,SP21
11,ANTH270,SP23
152,SHS541,FA22
893,IS441,SP21
921,EPSY466,SP24
218,CHEM202,FA21
175,ACCY599,FA22
715,HEBR403,SP21
647,ATMS411,SP21
820,SLAV300,FA22
797,STAT361,FA23
665,CHEM103,SP25
449,CMN328,SP24
538,MATH414,FA20
34,PSYC100,FA22
92,UP546,FA21
98,CEE474,SP23
924,NPRE402,SP22
756,IB505,FA24
25,MILS312,SP22
478,MCB550,FA21
316,ANTH402,SP23
542,MUS414,SP23
733,ECON582,FA21
981,MACS504,FA20
178,HORT106,SP24
625,MUS167,FA24
763,BIOE489,FA23
783,HNDI406,SP22
106,UKR113,FA21
638,CLE797,SP25
506,CHEM572,FA23
372,SOCW553,FA22
255,MUS514,SP23
517,NRES330,FA23
631,NRES109,SP23
927,CEE528,FA20
928,ARTD402,SP24
701,BSE770,SP23
646,ECE463,SP21
715,PORT150,SP24
546,HIST258,SP23
785,RST199,SP25
417,PS100,FA20
566,EPOL401,SP21
942,MDVL111,SP25
675,MILS212,SP23
428,RUSS461,FA23
59,BIOE416,FA22
573,EPSY579,FA20
148,IS236,FA22
249,ECE526,SP21
834,PATH578,SP25
355,MCB413,FA23
224,NPRE397,SP24
326,ANSC256,FA24
132,SHS450,FA22
14,ECE561,SP23
160,JOUR250,SP23
872,HUM390,FA23
867,SOCW300,SP25
948,EIL591,FA22
653,LAW680,SP24
49,BADM584,SP21
884,GER460,FA20
920,ASRM599,SP23
934,MDVL417,FA20
921,CHEM103,FA24
177,GC599,SP21
568,EPSY567,FA21
283,BADM329,FA21
296,GWS360,SP23
272,BSE743,SP25
928,IE420,FA23
252,MUS209,FA22
575,LAW697,FA24
519,GEOL104,FA22
146,MDVL245,FA20
455,HK594,FA24
187,LER570,SP23
95,RUSS101,FA22
817,BDI475,SP25
468,CWL444,SP21
103,UP205,FA22
771,FSHN520,FA23
289,CHEM223,SP25
309,CMN575,SP22
140,PSYC526,FA24
669,AFRO215,SP24
521,REL106,FA23
494,UP434,SP22
747,HK424,SP24
645,CS591,SP22
13,CHIN199,FA20
423,PHIL109,FA22
789,ADV360,FA22
296,MUS454,FA24
661,ANTH449,SP23
70,JOUR482,FA24
188,NRES368,FA24
347,JS290,FA23
108,HIST382,FA20
478,VCM625,SP21
516,LING514,FA20
557,FIN199,FA23
766,ACCY577,SP21
306,ASRM569,SP25
636,PHYS470,FA24
868,VCM643,FA24
31,ANSC526,FA22
385,AFRO531,SP23
759,EPOL592,SP23
718,ENGL224,SP23
157,IB433,SP25
168,AIS280,SP25
613,CMN496,FA24
454,GSD521,FA24
422,JS209,FA21
395,MUSC416,FA21
177,ENGL330,FA20
206,RST265,FA20
291,ANTH590,FA21
281,HIST365,SP25
309,MACS371,SP23
482,LING516,FA24
348,CLE640,SP23
653,HK484,SP23
2,FLTE478,SP23
857,CS534,SP22
467,CHIN203,SP24
785,GEOL407,SP23
219,GLBL440,FA22
716,MATH487,SP21
525,ME496,SP25
593,FR485,SP21
111,CLCV240,SP25
800,IS461,FA22
90,ACE591,FA20
42,PHYS582,SP24
392,AE419,SP24
520,LLS215,FA23
480,IS430,SP21
428,EDPR442,SP23
79,HK522,FA21
850,MUSC406,SP24
711,BIOE450,SP24
366,SPAN303,FA21
324,ARTH257,FA22
634,ANSC350,FA23
851,CHEM492,SP21
500,MDVL504,SP22
726,CWL189,FA21
75,SOCW507,SP23
10,EALC476,SP21
844,PLPA509,FA24
469,RST224,FA21
430,SOC322,FA20
339,GLBL480,SP22
597,SOCW455,FA24
110,BCS302,FA23
410,HDFS550,FA22
251,ENGL255,FA24
218,GGIS408,SP25
798,GLBL483,FA21
449,MDVL530,SP24
367,ENGL527,FA21
681,PERS202,FA21
957,ANTH435,SP23
862,FSHN475,SP23
114,DANC104,FA23
186,NS120,FA21
137,CSE401,FA20
843,NEUR313,FA20
50,REL116,SP25
997,AGED551,FA21
477,LA454,SP24
90,ENGL253,SP21
809,ECE416,SP22
436,AAS365,FA24
838,MDIA590,FA20
383,SAME150,FA20
108,MATH580,SP22
363,GEOL497,SP23
497,SOC478,SP25
110,CHEM199,FA22
406,GWS355,SP24
868,MUS521,FA21
160,ADV250,FA20
486,MUS363,SP22
353,JS252,SP23
525,GER103,FA24
706,PHIL201,FA21
538,CLCV111,SP21
825,MCB466,SP22
674,ARCH598,FA22
160,SAME350,FA23
647,THEA489,SP24
745,FSHN414,FA23
858,THEA464,SP24
928,ENSU302,FA21
2,CI380,SP22
619,SPAN599,SP25
5,GER496,SP23
743,IE525,FA24
368,SPED442,SP21
531,VCM681,FA22
159,CI450,SP22
204,ART155,FA21
144,GEOL497,FA21
632,ESE360,FA20
889,ENGL498,FA20
414,AGCM315,FA24
35,CS477,SP24
736,CI557,FA24
236,BADM446,FA22
875,CEE575,SP22
89,HIST245,SP23
73,CWL430,FA23
823,ACCY410,SP25
628,ARTH460,FA24
461,GWS255,FA20
691,ECE453,FA24
333,PHYS221,FA22
730,CEE459,SP23
303,SOC578,FA22
992,ASRM453,FA24
908,ECE561,SP22
417,SOCW504,FA20
752,LING401,SP23
82,SOCW418,FA23
781,SOC226,FA24
338,MDIA592,SP22
598,HK161,FA21
787,DANC363,SP23
893,SOC447,FA20
323,PHYS485,FA22
130,ANTH339,SP23
956,PS313,FA23
895,PSYC552,SP24
598,IS567,FA23
339,MATH447,SP23
839,GWS315,FA22
811,REL461,FA23
632,FSHN232,SP21
988,IS449,FA24
401,ARCH232,SP21
938,BIOE516,FA21
788,FAA490,FA23
968,CHEM237,FA21
672,LER566,SP21
812,AFRO315,SP24
644,ASRM210,SP21
815,AFAS120,SP23
646,SPED199,FA23
474,ECE333,SP25
472,FR335,FA21
643,CMN310,SP22
749,MCB581,FA23
204,SPAN558,SP22
248,GWS459,SP21
450,STAT576,SP25
366,ASRM472,SP25
817,LAT102,FA23
903,MUSC467,SP21
270,ARTH522,SP24
964,EPOL536,FA20
607,ENGL586,FA21
102,ANTH375,SP25
539,MCB434,FA21
316,MACS224,SP21
660,GEOL115,FA22
858,CHEM202,FA23
169,CI434,FA24
550,YDSH220,FA20
758,ECE445,FA24
471,SHS578,SP21
569,UKR202,SP21
475,PSYC311,SP23
334,IS548,FA22
547,LLS385,FA22
749,ECE530,SP22
814,MCB502,SP24
230,CWL312,FA23
957,MBA598,SP22
90,LA454,SP23
782,BADM576,SP24
523,NRES442,SP21
650,ACE505,SP23
78,EPOL408,SP22
216,HK361,SP21
237,HIST259,FA21
233,CEE473,SP25
597,MSE473,SP24
121,STAT553,SP22
407,MUS443,FA21
749,CMN204,SP24
947,PS480,FA20
897,NRES101,SP21
152,CMN112,FA24
679,STAT542,SP22
824,LA437,FA24
870,NEUR432,FA21
251,MUSC431,FA23
590,CEE201,FA21
620,DANC125,SP24
583,CS500,SP22
331,LA343,SP23
799,THEA405,SP25
947,ENGL101,SP22
713,IS189,FA22
917,ATMS304,FA23
33,MILS301,SP24
609,AFRO105,FA21
746,STAT400,FA23
528,BADM567,FA24
442,IE522,SP25
713,HNDI408,SP24
748,HIST382,FA23
866,CI451,SP24
674,PATH394,SP21
619,MATH593,FA22
865,CI595,FA23
341,ECON503,SP24
516,THEA594,SP21
603,PS356,FA21
80,LAT599,SP21
183,REL405,SP21
692,VCM593,FA23
995,IS582,FA23
2,MDVL344,SP23
677,BADM563,FA21
274,SPAN528,SP24
383,ARTD301,SP22
883,HIST520,SP25
118,ME371,SP24
861,GWS235,SP21
319,CS100,FA20
29,MDVL410,FA24
79,ENG211,FA21
219,TAM542,SP23
769,RUSS335,FA21
595,BCS215,FA23
623,CWL250,FA20
341,MUS313,FA22
582,ARCH596,FA24
860,GGIS436,SP24
967,ENVS330,SP23
397,IS578,SP22
272,AFRO260,SP21
457,NRES201,FA23
61,ME598,FA21
590,HORT105,SP25
942,CS537,FA22
399,LING410,SP22
837,SPAN303,FA23
824,ECE499,FA23
545,ARCH512,FA20
571,CHIN408,SP24
408,ME561,SP25
220,TAM539,FA24
316,HIST422,FA22
277,BUS315,SP21
234,AIS199,FA23
228,SOCW461,SP23
531,JOUR452,FA24
537,ARTS244,SP21
107,ACCY504,FA22
625,BSE685,FA23
676,SOC345,SP21
457,ECE428,SP25
831,CLCV240,FA23
527,HK414,FA22
63,LA242,FA24
281,ADV392,SP23
33,EPSY202,SP23
792,ECE574,SP22
411,PSYC538,SP25
577,SE297,FA21
286,MCB151,FA20
658,PS313,SP21
226,AFRO215,FA22
184,CI450,FA24
76,EPOL390,SP22
122,BADM577,SP25
96,CLE744,FA24
739,HIST346,SP21
874,VCM636,FA23
92,SLAV117,FA22
88,BTW250,FA23
548,IS575,SP25
801,THEA561,FA24
36,CHBE121,FA23
341,BIOE310,SP21
745,EPSY555,FA24
921,ENG591,FA24
708,ARTF102,FA21
944,SPAN250,SP21
824,SOC561,FA21
723,CI467,SP24
139,EIL422,FA21
372,NRES425,FA22
266,LER200,SP21
985,MATH415,SP23
701,RUSS225,SP22
79,FIN583,SP25
681,ARTD317,SP25
285,ADV378,FA21
943,NUTR583,SP22
343,MUS149,FA20
386,CMN334,FA21
656,AE550,FA20
765,MUSC403,FA24
31,ECE470,FA21
331,MBA530,FA23
172,GLBL228,SP25
320,MUSC135,FA24
313,AIS277,SP23
847,DANC490,FA24
313,PHIL454,SP24
423,MDVL344,SP24
741,ARTS399,SP25
657,ACES199,FA22
672,EPOL401,FA20
434,FAA310,SP24
558,HDFS101,FA24
494,ARCH402,SP21
503,FSHN424,FA21
51,CMN340,SP24
281,ECE592,FA20
728,ALEC451,SP24
541,VCM553,SP25
870,CMN199,FA20
278,ENGL225,SP23
94,IE519,FA22
405,BADM360,FA22
792,CWL561,SP24
797,ENGL225,FA22
385,SHS321,SP25
488,EDUC101,SP22
560,IS334,FA22
738,ACE571,SP22
579,ATMS523,FA22
733,HORT421,FA22
433,DANC258,SP25
760,RST393,FA21
98,SPED424,SP24
738,PSYC451,SP24
649,MBA542,SP21
321,EDUC299,SP23
629,MDVL530,FA22
687,HIST263,FA24
200,ASRM455,SP24
177,ITAL595,FA23
793,ASTR405,FA21
208,CHEM586,FA22
964,IS523,SP24
549,PS418,FA21
447,IS423,FA23
907,AFST338,SP25
403,EALC132,FA23
802,BIOE210,SP23
179,UP101,SP25
351,HDFS591,FA20
601,HIST551,FA20
707,MCB435,FA24
95,NUTR523,SP25
461,POL245,SP22
524,BTW490,FA23
605,BADM361,SP25
67,CHBE565,SP24
47,FIN594,FA24
966,NEUR445,SP24
810,ACCY304,SP22
778,GGIS406,SP22
943,HK522,FA22
378,HK171,FA20
483,AFRO381,SP22
563,JOUR473,SP23
4,DANC256,FA24
890,GER599,SP22
637,ARCH371,FA22
690,GER493,SP21
738,SOC273,FA22
858,ASTR100,FA23
855,PSYC432,SP23
220,SPAN580,SP23
945,SAME214,FA22
5,NRES598,FA24
286,LA241,SP22
842,ECE310,SP21
49,HIST308,SP24
432,EPSY583,SP23
553,HDFS424,FA23
716,ECE454,FA20
414,MATH199,FA21
96,ADV588,SP23
963,ECE364,SP25
295,AFST254,FA22
811,CEE572,FA20
528,ARTD444,FA23
296,RUSS402,SP25
61,THEA123,SP22
87,EURO418,FA21
752,AHS125,SP21
957,CI550,FA22
609,CPSC395,FA23
808,NEUR510,FA21
368,SE594,FA23
308,PS381,SP22
196,ARTD151,FA23
434,CSE428,FA23
787,LING501,FA20
421,IE523,SP24
402,ATMS390,SP21
876,AFST515,FA22
137,ACE262,FA24
1,CWL501,SP22
674,MSE597,SP21
868,FAA495,SP24
598,ACE530,SP25
608,QUEC411,FA23
501,MCB151,FA20
937,MUS469,FA22
666,IS583,SP22
395,PORT400,SP24
801,ANSC593,FA24
153,CWL324,SP21
962,CHIN407,FA22
484,PHIL440,SP24
852,GWS103,FA23
316,GGIS455,FA22
424,LAST599,FA23
882,LA370,FA20
660,LA515,FA20
838,GSD531,SP22
442,SHS301,FA20
128,ENGL470,SP24
286,ENGL418,FA24
693,SHS561,FA21
692,GSD515,SP24
799,AFRO103,FA22
112,CEE442,FA24
921,HK272,SP24
366,ENGL253,SP25
765,ASRM569,SP21
914,MUS519,FA20
139,SPAN242,SP25
233,ESE222,SP24
202,ACE222,SP22
611,HDFS494,FA20
9,CEE493,SP25
221,CLE688,SP25
521,AIS451,SP23
318,ECON203,SP22
761,CMN435,SP21
908,CI560,SP21
979,MUS550,SP24
140,PSYC539,SP21
426,PSYC236,SP22
141,REL215,SP21
362,ANSC451,SP24
706,LING590,FA20
616,IE434,SP25
164,CS401,SP24
125,STAT426,SP21
215,JS502,SP25
171,HIST213,SP23
595,MACS419,FA22
898,ERAM571,SP24
78,ME498,SP24
375,CPSC395,SP24
897,HDFS204,FA21
168,NUTR511,SP24
849,ATMS140,SP25
337,MILS324,SP25
979,MDIA223,SP21
432,HIST200,SP24
243,CS100,FA23
794,HIST222,SP21
947,SPAN303,FA22
356,SOC581,SP21
430,HIST288,SP21
543,CLE793,SP23
37,AIS451,FA20
749,REES325,SP25
51,HK304,SP21
410,FIN551,SP24
970,NS308,FA20
782,CW204,FA23
966,PS491,FA22
803,STAT430,SP25
291,MUSC421,FA20
739,FIN553,SP24
787,ARTH423,SP24
365,FR588,SP24
926,CEE558,FA20
739,SOCW370,FA22
948,MUS539,SP25
265,ASTR593,SP22
660,MUSC411,FA23
608,RUSS261,FA24
789,GS101,FA20
650,AGCM499,SP22
59,LEAD260,SP21
171,MCB432,FA20
342,AGED510,FA22
623,SOC596,SP23
896,REL567,SP23
197,CEE559,SP21
695,MUS330,FA23
978,LAST599,SP23
282,LAW675,FA21
18,VCM595,FA23
568,MACS100,SP25
608,ENGL206,FA23
735,GLBL240,FA21
920,BIOE486,SP23
951,ACE557,SP23
116,IS507,FA20
303,PSYC530,FA20
974,QUEC421,FA22
527,PS580,FA22
66,ECE539,FA23
611,NEUR500,FA20
452,PS345,SP23
90,ARTH360,SP24
471,PS312,FA20
600,BADM374,FA20
752,STAT552,SP24
834,HIST172,SP21
398,SPAN435,SP23
690,CPSC428,FA21
399,FIN593,FA24
331,ME471,FA20
329,CLE793,SP22
476,EDUC499,SP25
731,MUS472,SP21
176,SHS532,SP23
130,ACCY501,SP25
64,AGED550,FA21
6,BADM341,FA24
756,SOCW585,FA23
119,LA346,SP21
296,CEE457,SP23
553,MUS454,FA22
602,VM290,FA20
696,MACS275,SP21
937,ETMA-586,FA20
837,RUSS466,FA22
341,VCM688,FA20
354,ECON519,SP25
442,NRES477,SP24
703,ECON510,FA22
983,IE310,FA20
151,IB590,SP21
526,SPED507,FA24
513,MUSC405,SP21
726,MSE495,FA20
468,ART201,SP25
952,MACS425,SP21
830,ECON543,SP23
983,CHBE497,SP23
222,VCM505,SP21
789,BADM313,FA23
384,ME460,SP21
651,QUEC420,FA21
128,GSD199,FA21
390,ART150,SP24
537,MCB520,FA22
560,ITAL530,FA23
8,ARTH230,FA22
721,CLCV217,FA22
38,IS464,FA23
860,STAT429,SP22
891,MILS314,SP25
130,FSHN422,SP22
364,FAA310,SP21
6,ARTS200,SP22
794,CHBE455,FA23
234,FR574,SP21
918,BIOE507,FA21
500,HIST112,FA22
746,CHEM591,FA20
955,CI434,FA24
98,MACS391,FA22
756,BIOE599,FA20
810,ECON203,SP24
114,SNSK201,FA21
273,AE511,SP24
811,PORT150,SP25
78,IB368,FA20
190,HIST142,FA23
350,SLAV418,FA21
691,MUSC426,FA24
354,RST390,FA23
485,CEE502,SP22
317,HT594,FA20
131,GWS453,FA24
553,NRES462,SP25
435,VCM672,FA20
335,LAW673,SP25
480,GEOL401,FA20
825,ANTH105,FA24
600,CS524,FA22
802,PHYS419,FA24
410,THEA407,SP21
368,CSE298,SP21
237,ENGL253,SP25
413,LER558,FA20
611,GWS355,SP21
425,AFST515,SP25
828,PS353,FA24
206,LAW643,FA20
18,HDFS220,SP25
153,ALEC599,SP21
72,EIL511,SP21
142,CWL206,SP23
171,CHBE474,FA22
386,HK464,SP24
800,CHIN203,SP23
95,NRES500,FA23
687,LA506,FA20
149,ARTS465,SP22
241,THEA260,SP25
597,ANTH210,SP22
866,TE100,FA23
484,HDFS501,FA22
660,GWS263,SP25
5,PHYS535,FA22
445,MUS469,FA24
214,FSHN346,FA22
349,ECE584,SP25
923,LA460,SP24
304,ITAL510,FA20
611,NRES427,FA22
94,LAW653,SP23
287,ARCH232,SP21
822,BTW279,FA20
685,ARTH345,SP24
735,VM611,FA24
304,NRES501,SP25
666,PATH577,FA21
46,ETMA-132,SP23
339,IS593,SP23
203,LAT580,FA20
688,ACE344,FA24
512,ESE289,SP21
816,CLE670,FA22
429,ASTR506,FA24
872,SHS112,SP24
518,CMN464,SP22
928,MUSC485,SP23
770,SOCW410,SP21
997,CI503,SP21
264,BASQ402,SP22
227,ASRM598,FA24
77,ECE579,SP21
521,IS508,FA20
8,CLE732,SP24
146,CS584,FA20
485,NE420,FA24
436,GEOL104,SP24
758,CHBE522,SP21
745,AE454,FA23
990,CS225,FA24
402,ARTH545,FA21
159,SOC510,FA21
744,FIN494,SP22
649,ACCY410,FA24
238,SPED583,SP21
966,EPOL370,SP25
18,ARTD225,SP23
660,PS199,FA23
897,TAM516,FA23
772,WLOF403,FA20
624,VCM637,SP21
698,ENGL242,SP22
957,PATH546,FA23
108,MUSC480,SP25
623,GGIS254,SP23
811,DANC496,SP24
520,ENVS510,FA21
525,MUS517,SP22
348,CPSC505,FA20
996,ADV491,SP21
842,ECE564,FA20
69,ACCY599,SP25
764,PSYC443,SP22
967,CEE202,SP23
577,EIL511,FA20
777,MUS459,SP24
151,ANSC222,SP23
175,MATH495,SP25
343,HK519,FA24
410,MSE473,SP24
909,ARTD420,FA22
710,MUS519,SP21
523,IS453,SP25
215,NEUR451,FA24
714,CHIN440,FA22
139,IB270,FA23
435,VCM560,FA21
823,ART151,FA20
938,ENGL504,FA24
558,ME471,FA20
883,SOCW410,SP21
672,PS571,SP21
987,ARCH596,FA20
49,ATMS523,SP23
667,PSYC575,SP23
910,BSE642,SP22
255,VM694,SP25
501,SLAV417,FA20
407,MBA552,FA20
554,AE402,SP25
16,CW104,SP22
239,IB440,FA24
289,PHYS419,FA21
807,SCAN576,SP23
451,ETMA-363,FA22
284,FIN543,FA22
143,GGIS527,SP22
150,INFO416,FA23
634,REL390,SP24
164,BADM532,FA22
912,REL284,SP22
262,BTW263,SP25
625,CHBE210,FA24
942,PSYC379,SP22
302,MACS499,FA23
595,GER493,SP21
862,SPAN242,FA21
798,ASRM561,SP21
579,JS442,FA23
489,CB590,FA21
943,EPOL564,FA24
885,SHS411,SP21
865,CMN390,FA22
250,FIN461,SP21
995,CLE799,FA21
159,BIOE430,FA23
88,IE518,FA20
81,BULG481,FA20
924,CS554,SP23
676,ECE314,SP21
612,PS305,FA20
730,CS400,SP21
28,SHS563,SP25
210,BADM338,FA21
95,IB471,FA20
584,LA345,FA21
819,LCTL102,FA20
58,AAS495,FA24
812,CEE310,SP21
206,JS300,FA21
536,PHYS590,SP24
293,AFAS331,FA20
155,FSHN423,SP25
174,PHIL108,SP23
364,TMGT461,SP21
523,MUS534,FA24
554,LING575,SP25
629,ERAM550,SP25
833,JAPN306,FA22
566,BADM382,SP24
799,LAW622,FA24
196,PSYC539,SP21
144,HIST519,FA23
589,GRK492,FA20
649,BIOE420,SP22
742,PORT199,SP23
984,TE110,SP22
382,HK418,FA24
468,UP578,FA24
816,LLS282,FA22
69,ENG299,SP24
175,ACCY594,FA24
465,IS505,SP25
377,ANTH343,FA20
890,SHS586,SP24
290,BCS201,SP22
362,RST590,SP22
998,PHYS504,SP21
787,ECE590,FA22
513,LAS292,SP23
200,SNSK201,SP21
659,CHBE431,SP23
673,GRK199,SP24
943,ENGL411,SP24
730,PHYS193,SP25
760,CHLH336,SP21
942,CHBE476,FA24
784,MUS550,SP21
85,ECE101,SP22
243,MBA531,FA21
706,PS526,SP22
359,ETMA-425,SP24
343,SOCW425,SP24
744,LING550,FA20
477,GWS442,FA22
329,ARCH597,SP24
125,RST265,SP22
915,MCB247,FA24
735,HK591,FA23
678,CEE558,SP22
962,MCB151,SP24
821,ABE450,FA23
525,NRES285,SP23
103,AGED550,FA20
908,BUS402,SP22
555,CS124,FA22
654,ARTH219,SP25
717,BIOC599,FA20
827,REL341,SP25
13,EPOL395,FA21
987,MCB492,FA21
458,STAT448,SP25
660,HNDI404,FA23
318,FR104,SP21
846,FSHN140,SP24
9,PS323,SP23
828,FR588,FA24
239,SHS554,SP24
494,ECE350,FA23
114,HIST355,SP24
271,MACS371,SP23
532,AAS260,SP21
387,FSHN292,FA23
581,ECE567,FA22
613,SOC562,FA20
948,EPSY470,FA24
329,THEA438,SP23
135,FIN199,SP24
799,CLE655,SP24
189,CLE789,FA22
131,LAW660,SP21
524,ENGL122,SP23
549,GGIS380,FA21
404,PHIL439,FA21
803,AAS200,SP24
385,PS492,FA24
956,IB368,SP22
30,ANTH514,FA21
924,GER593,FA21
37,ENVS514,FA22
687,VCM661,FA23
780,CEE598,SP21
753,MUSC468,SP23
424,HUM495,FA21
284,SOCW594,FA20
137,HIST361,SP23
622,PSYC225,FA21
467,ATMS314,SP22
462,FSHN417,SP21
154,THEA263,SP21
890,ECE489,FA23
761,IS571,SP21
592,LLS490,SP23
436,SPAN141,SP22
507,ENVS491,FA24
228,IS583,SP24
491,TAM538,FA20
404,ECE511,SP21
808,CWL320,SP24
543,SOC325,FA24
988,BADM374,SP24
457,MACS485,SP25
832,CHEM232,FA24
143,DANC550,FA21
557,AIS459,SP23
693,SPAN332,SP24
451,PHYS222,SP22
923,GC298,FA23
812,LA345,SP21
678,AFRO481,FA23
985,CI575,FA24
815,MUSC401,FA24
444,PS340,FA24
740,GSD399,SP21
374,HIST284,SP23
891,ANTH390,FA20
276,HIST203,SP24
903,FSHN423,FA22
870,UP116,FA21
485,MUSC490,SP22
676,PHYS102,FA20
504,PHYS595,SP25
48,ECE439,FA21
747,MACS485,FA22
378,CHBE471,FA21
63,BIOE572,FA22
789,RST504,FA21
882,FSHN322,SP25
552,MUS343,FA22
786,ETMA-599,SP23
549,LAW687,FA23
629,REL132,SP22
32,SOC587,FA20
798,CW106,SP25
121,SOC481,SP23
956,REES495,SP21
972,TE460,SP23
847,UP345,FA23
33,BADM547,FA23
145,FR572,SP24
433,CDB590,SP23
281,MACS335,FA22
703,SPAN460,FA24
223,PS374,FA21
703,EALC240,SP22
183,RST280,SP22
171,ARTH220,FA24
585,GEOL490,SP25
609,MUS524,SP22
71,SPAN460,SP25
161,SE101,SP22
743,MATH506,FA22
198,CB646,FA23
683,BSE737,FA20
740,PATH410,SP22
800,MUS360,SP24
743,MATH525,FA21
965,MUS524,SP23
223,AE402,SP21
179,FLTE471,SP24
806,ITAL489,SP21
962,SHS481,SP22
983,HIST550,SP25
538,THEA231,FA21
375,LAW683,SP21
135,CB520,SP22
582,BCS301,FA22
438,GWS495,FA20
55,BTW261,FA20
548,MUS421,FA24
682,BUS315,FA23
888,HT512,FA22
833,SLAV477,FA20
424,STAT542,FA23
481,SLAV418,SP23
28,IB542,SP22
713,ITAL580,SP25
790,CWL212,SP23
12,TRST415,FA23
297,RST240,SP25
830,IS490,SP21
531,RST485,SP22
599,CLE742,SP24
562,FIN522,FA20
286,LA370,FA24
529,HDFS221,SP24
512,SHS553,SP24
73,MUS166,SP22
281,ANSC449,FA23
960,NRES105,FA24
592,PHYS525,FA23
39,BSE743,SP23
219,MDVL111,SP23
374,ME475,SP24
575,ARTJ199,SP22
595,MDVL571,FA22
726,HDFS408,SP21
122,CHEM360,FA21
750,ATMS405,SP25
344,ASRM392,SP25
253,ART103,SP21
167,IB421,FA24
246,ADV393,FA23
458,MUS160,FA22
479,CS484,FA23
354,UP533,FA20
259,ARTH402,FA24
910,LER530,FA23
896,CI565,FA21
115,IB453,FA20
639,UP437,SP24
392,CHBE454,FA22
196,EPSY581,FA24
271,MUSC116,SP21
502,SAME408,FA23
603,MUSE200,FA22
632,ME482,FA20
866,ARCH596,FA20
997,LLS343,FA24
132,MUSC467,SP23
943,FIN517,FA23
743,SNSK202,FA22
100,PHYS221,SP24
806,AE452,FA24
57,LER290,FA24
615,RUSS102,SP25
877,RST550,SP24
512,CMN501,SP21
