PlanID,CreationDate,NetID
1,2023-05-12,dnguyen2
2,2023-12-30,bsm2
3,2022-11-14,lmiles2
4,2022-01-23,bjones2
5,2023-08-09,lwill2
6,2022-12-21,aande3
7,2021-06-30,joliver2
8,2023-03-28,bste4
9,2021-01-12,awa2
10,2022-06-09,klam2
11,2021-09-12,amalo2
12,2021-05-22,hwilli2
13,2021-03-06,tsm4
14,2021-10-22,acart2
15,2023-05-05,aharper2
16,2022-05-20,aalexan2
17,2023-04-30,jev2
18,2023-01-01,tsnyde2
19,2021-07-22,khod2
20,2021-09-23,nibarr2
21,2022-01-31,cmcc2
22,2021-11-18,aespar2
23,2023-07-13,jmcc3
24,2023-02-05,fesp2
25,2023-05-16,cad2
26,2021-07-28,lra2
27,2023-12-18,jcross2
28,2023-07-17,cdav3
29,2023-11-03,mth2
30,2022-08-05,jke2
31,2023-11-14,sper2
32,2022-01-16,spo2
33,2021-10-16,jst2
34,2024-01-21,dca3
35,2021-04-26,bme2
36,2021-02-27,dmoon2
37,2021-11-01,tbus2
38,2021-03-11,csmith3
39,2022-06-03,lpeters3
40,2021-04-01,msanc3
41,2022-12-20,myoung2
42,2021-10-21,eliving2
43,2021-01-28,kedward3
44,2022-09-02,jyo3
45,2024-01-12,mbrown3
46,2023-09-28,vga2
47,2023-04-19,dsmit3
48,2021-07-28,jcoo3
49,2023-12-30,dnguyen2
50,2022-01-01,rpitts2
51,2021-07-10,cwigg2
52,2021-11-30,mtyl2
53,2024-01-25,dkraus2
54,2023-04-07,tle3
55,2022-06-10,pwoodwa2
56,2021-01-16,ngam2
57,2021-08-29,spalme3
58,2021-05-13,mva4
59,2023-12-01,adeck2
60,2021-01-25,vmelto2
61,2023-07-12,wsi2
62,2023-10-23,tcunni2
63,2022-11-01,mall2
64,2022-07-26,dhu2
65,2022-09-05,asantia2
66,2022-03-28,arasmu2
67,2022-08-29,bjones2
68,2022-12-31,jwi3
69,2023-03-23,myoung2
70,2022-04-24,elogan2
71,2021-06-05,tmassey2
72,2023-04-21,mba3
73,2022-07-23,jsimmo2
74,2023-11-07,wfrank2
75,2022-03-15,bjack2
76,2021-12-25,jblev2
77,2022-07-18,mrocha2
78,2022-07-24,cjohn2
79,2023-06-02,pgonza2
80,2023-11-11,asm4
81,2021-11-20,dcarr2
82,2021-12-16,bpena2
83,2022-11-30,mvele2
84,2021-03-27,shughe3
85,2022-05-01,lhe3
86,2022-03-16,jwils3
87,2022-04-05,fesp2
88,2022-07-27,aharper2
89,2021-11-18,twilli2
90,2022-03-22,kmcfarl2
91,2022-03-29,smor2
92,2023-06-14,jsheph2
93,2023-06-17,jwils3
94,2023-11-11,jcampb4
95,2022-01-08,jwils3
96,2022-08-10,aru2
97,2021-07-12,cphill2
98,2023-09-29,ngam2
99,2022-09-07,smez2
100,2023-01-28,eroge2
101,2023-05-02,trod2
102,2023-02-24,wma2
103,2023-01-26,jcor2
104,2021-02-22,shughe3
105,2021-02-18,mperkin2
106,2021-10-15,ldea2
107,2022-09-13,atho2
108,2022-08-19,ehar3
109,2021-09-30,adou2
110,2024-01-31,dharri3
111,2021-12-06,kmcfarl2
112,2023-02-06,jcampb4
113,2021-05-30,rmac2
114,2023-07-28,lra2
115,2023-04-08,tcr2
116,2021-07-19,pgonza2
117,2023-02-09,psn2
118,2022-12-20,lba2
119,2022-06-26,sdix2
120,2021-10-14,fesp2
121,2022-11-22,jstein3
122,2023-09-21,twilli2
123,2023-01-27,dwill2
124,2021-01-15,eday2
125,2022-03-30,kcarr3
126,2023-10-21,ksmi5
127,2023-08-29,hevans2
128,2022-04-18,kedward3
129,2023-09-19,karmstr2
130,2022-03-18,lwy2
131,2021-11-09,msanc3
132,2023-11-23,jell2
133,2021-09-30,jstein3
134,2021-01-18,mkim2
135,2021-05-12,ahines2
136,2022-11-14,ahartma2
137,2022-11-19,cleblan2
138,2021-12-24,ewar2
139,2022-12-30,atruj2
140,2022-01-24,rcr2
141,2023-09-22,tcr2
142,2022-06-21,sbate2
143,2023-09-16,khowa2
144,2023-04-15,smorri2
145,2022-08-31,dtho2
146,2023-03-01,bpena2
147,2021-12-10,mvele2
148,2021-08-09,psa3
149,2021-11-11,jdona2
150,2021-07-02,lhe3
151,2021-01-17,eliving2
152,2021-07-12,pmartin2
153,2021-04-12,tanders2
154,2023-12-08,arod2
155,2023-08-02,kco3
156,2021-06-22,lanthon2
157,2023-01-05,ssa2
158,2022-07-22,ewar2
159,2022-05-09,spalme3
160,2022-06-04,wsan2
161,2022-03-28,jhug2
162,2023-03-19,mtyl2
163,2021-06-26,mvele2
164,2023-06-28,marn2
165,2021-03-20,ahunt2
166,2022-04-01,bgomez2
167,2022-08-27,jell2
168,2024-01-24,gdiaz2
169,2023-11-03,jva3
170,2021-08-15,cadams2
171,2021-02-05,djohns2
172,2021-10-16,jkle2
173,2021-08-18,smarti4
174,2021-01-25,lba2
175,2023-08-08,adavi2
176,2021-06-26,afrazie2
177,2021-01-13,snel2
178,2022-01-21,awilson2
179,2023-09-27,arasmu2
180,2021-03-10,srob2
181,2023-01-10,shale2
182,2022-01-07,jyo3
183,2023-08-31,jhowe2
184,2023-04-24,eev2
185,2021-08-17,tsnyde2
186,2022-12-17,kho2
187,2021-03-13,tbauer2
188,2023-02-19,jel3
189,2021-02-10,ran2
190,2021-08-29,lreye2
191,2022-09-13,ggutie2
192,2022-02-13,rcr2
193,2021-11-19,jdona2
194,2021-08-31,awillia2
195,2021-04-12,bke2
196,2021-07-18,msanche3
197,2022-01-21,lmiles2
198,2022-10-30,hwilli2
199,2023-06-04,msanche3
200,2021-05-18,gst2
201,2023-07-31,awillis2
202,2021-06-02,jmiller2
203,2022-12-27,cwilli2
204,2021-11-20,jphilli2
205,2023-11-21,mmill2
206,2023-02-15,ssm4
207,2023-03-22,jkle2
208,2024-01-19,mloz2
209,2021-04-02,eroge2
210,2021-08-11,djac2
211,2021-01-24,enash2
212,2023-04-26,psn2
213,2022-04-01,cford2
214,2021-01-31,mstein2
215,2023-01-06,sca3
216,2021-10-25,jwils3
217,2023-08-25,ehar3
218,2023-08-16,aande3
219,2021-11-29,marn2
220,2022-12-19,mperkin2
221,2022-03-28,mhenso2
222,2022-01-22,lwy2
223,2023-10-13,emartin2
224,2023-03-07,dharri3
225,2022-01-07,kjo3
226,2022-09-29,abennet2
227,2022-12-25,rrocha2
228,2021-06-09,nibarr2
229,2022-10-11,jwrig2
230,2023-05-05,kmcfarl2
231,2023-08-15,esheph2
232,2022-04-25,jwa2
233,2022-11-25,dreed2
234,2023-11-15,mbean2
235,2021-03-04,enash2
236,2021-06-22,jcross2
237,2021-10-30,sturne3
238,2021-06-11,twea2
239,2024-01-09,cford2
240,2022-01-29,tmassey2
241,2021-09-03,jhub2
242,2021-02-12,kter2
243,2023-07-12,mosborn2
244,2023-02-09,acam4
245,2023-03-18,jrice2
246,2023-10-01,mbean2
247,2022-03-31,jcha2
248,2023-05-05,dkraus2
249,2023-04-09,kmoor2
250,2023-01-02,ljohns2
251,2023-06-01,jfost2
252,2021-04-27,kobri2
253,2023-05-25,amc3
254,2021-08-03,bnel3
255,2023-06-06,ktorre2
256,2023-09-06,jcoole2
257,2023-10-17,mtyl2
258,2022-06-22,dkraus2
259,2021-02-24,bgue2
260,2021-06-23,twea2
261,2022-05-29,cmend2
262,2021-12-06,syu2
263,2021-04-16,kco3
264,2023-10-30,aharper2
265,2022-06-16,sper2
266,2023-04-20,sperry2
267,2023-03-06,ljohns2
268,2023-03-27,awa2
269,2021-09-06,acarte2
270,2021-03-23,twilli2
271,2021-11-08,bki2
272,2021-05-21,npere2
273,2022-01-21,aru2
274,2022-02-21,bdo3
275,2022-11-14,jjohns2
276,2021-04-27,abennet2
277,2021-09-29,kedward3
278,2021-01-13,swi2
279,2022-03-04,rjones2
280,2022-02-22,cmayna2
281,2021-10-07,mjacob2
282,2023-09-09,amalo2
283,2022-12-06,cdeleo2
284,2021-01-12,vnelson3
285,2023-10-04,tmidd2
286,2022-07-31,hperez2
287,2023-11-11,knova2
288,2023-10-26,pmartin2
289,2022-06-27,lsantan2
290,2022-10-22,jfost2
291,2022-04-17,eflo2
292,2022-12-16,msanc3
293,2022-10-09,jmor2
294,2023-03-28,jcross2
295,2023-07-20,jmar4
296,2021-03-19,jbr5
297,2021-09-27,dtho2
298,2023-04-07,twilli2
299,2022-09-15,mmccart2
300,2023-12-09,mkim2
301,2022-08-04,jjohnso4
302,2021-11-16,anoble2
303,2021-11-16,ahenry2
304,2024-01-02,jwrig2
305,2023-05-28,jharri3
306,2021-05-22,gsamps2
307,2021-08-01,kvasq2
308,2022-11-07,arober2
309,2021-06-23,tle3
310,2021-12-02,sshe2
311,2021-08-29,smor2
312,2022-06-16,lpeters4
313,2022-07-19,wfrank2
314,2022-11-05,jcoole2
315,2023-08-02,bpena2
316,2021-04-22,ldav2
317,2022-11-20,jmcc3
318,2024-01-24,dharri3
319,2021-01-28,jcha2
320,2023-09-23,mgarr2
321,2024-01-11,khann2
322,2024-01-06,sdunn2
323,2023-11-03,mhenso2
324,2023-12-17,rjones2
325,2022-11-25,mwa3
326,2022-06-20,cjohn2
327,2022-08-31,blee2
328,2022-01-02,lal2
329,2023-08-30,wsi2
330,2022-04-10,jreyes2
331,2022-12-19,mjon3
332,2021-10-11,mjon3
333,2023-06-20,bgue2
334,2022-03-12,mbe2
335,2023-12-05,jhowe2
336,2023-06-13,awa4
337,2021-03-26,mall2
338,2022-12-11,kphi2
339,2023-10-21,jhughes2
340,2023-01-14,scow2
341,2022-01-31,kfi3
342,2022-12-07,awol3
343,2022-08-18,tbauer2
344,2021-07-28,twilli2
345,2023-03-23,mha2
346,2021-03-02,mhenso2
347,2023-10-29,kpat3
348,2022-12-09,cwhite2
349,2022-06-22,jferna2
350,2023-11-03,kco3
351,2021-09-19,psn2
352,2021-06-15,mjon3
353,2022-01-10,lnash2
354,2023-05-31,jdona2
355,2021-09-15,cjohn2
356,2023-04-02,jyo3
357,2023-12-19,cphill2
358,2023-06-28,jwebste2
359,2021-12-13,dkraus2
360,2021-10-05,jro7
361,2023-11-21,mcombs2
362,2022-08-04,smarti2
363,2021-02-10,jmor2
364,2023-03-28,kwhite2
365,2022-08-04,mall2
366,2021-10-29,dwhite2
367,2023-03-22,bkirk2
368,2021-09-11,spo2
369,2024-01-21,jwi3
370,2022-01-07,nmontes2
371,2023-01-27,rjones2
372,2023-05-21,sca3
373,2021-12-04,ghowar2
374,2022-10-18,mmar3
375,2022-03-17,amc3
376,2023-06-03,fesp2
377,2022-01-17,jhowe2
378,2022-07-21,khod2
379,2023-12-31,dca3
380,2023-06-15,brey2
381,2022-10-20,sfi2
382,2021-08-10,mgeo2
383,2022-12-23,khann2
384,2024-01-17,atruj2
385,2022-06-25,mross2
386,2021-05-30,tcunni2
387,2021-07-20,mloz2
388,2023-02-28,khuber2
389,2023-12-26,sper2
390,2022-02-03,mparker2
391,2022-10-24,csmith3
392,2022-01-20,bpena2
393,2023-11-07,rchu2
394,2022-01-05,eflo2
395,2021-01-05,cgamble2
396,2023-05-29,jmoore2
397,2023-01-01,tmidd2
398,2023-07-26,jcoo3
399,2023-09-12,wsan2
400,2021-12-01,jmoore2
401,2021-03-29,psa3
402,2022-10-08,cgamble2
403,2022-11-05,jrice2
404,2022-08-15,jell2
405,2023-07-17,dpage2
406,2022-04-17,dherrer2
407,2022-05-04,atho2
408,2023-03-08,ahunt2
409,2021-10-10,mjone2
410,2023-06-28,jsheph2
411,2023-01-29,awillia2
412,2021-04-02,mjacob2
413,2022-01-18,jmidd2
414,2023-08-11,pmartin2
415,2023-11-27,afoster2
416,2023-02-27,jjohnso4
417,2022-01-24,cjohn2
418,2024-01-01,jmiller2
419,2021-09-29,lpeters4
420,2023-08-12,bbenja2
421,2022-04-10,karmstr2
422,2023-07-09,gst2
423,2023-10-31,kobri2
424,2023-09-15,marn2
425,2022-01-09,vmelto2
426,2023-05-06,chunter2
427,2022-01-11,twea2
428,2022-07-16,mjone2
429,2022-03-13,wsi2
430,2023-05-22,jhigg2
431,2021-01-10,kda2
432,2023-04-19,dwilso2
433,2022-08-08,rcr2
434,2022-03-26,zre2
435,2021-02-02,jsheph2
436,2021-01-26,adou2
437,2022-04-23,smart3
438,2023-09-10,bpratt2
439,2022-12-02,dsmit3
440,2023-05-26,lpeters4
441,2023-07-06,bjack2
442,2021-12-31,kedward3
443,2021-01-27,tcop2
444,2021-03-20,kmaldon2
445,2023-12-06,tbus2
446,2023-06-13,jmiller2
447,2022-07-21,amc3
448,2023-04-16,pmar3
449,2023-03-22,dever2
450,2023-05-08,bste4
451,2024-01-03,cwigg2
452,2023-10-22,jhughes2
453,2021-10-03,ablack2
454,2021-08-12,solson2
455,2021-05-12,athom2
456,2021-02-10,ran2
457,2021-04-21,zgarc2
458,2021-07-25,nmontes2
459,2021-05-18,swalker2
460,2022-08-23,mva4
461,2021-04-28,bhal2
462,2021-06-18,arod2
463,2021-01-02,bme2
464,2021-11-15,cgamble2
465,2022-05-31,bke2
466,2022-01-27,jel3
467,2023-01-21,bste4
468,2023-02-11,eroge2
469,2022-07-08,alee2
470,2023-05-28,aweb2
471,2021-10-28,cmend2
472,2021-10-17,mfi2
473,2021-03-06,mking2
474,2022-08-23,mva4
475,2021-07-04,epennin2
476,2021-02-05,kjo3
477,2022-07-27,marn2
478,2022-08-13,acam4
479,2021-06-15,dhu2
480,2022-01-21,smcke2
481,2023-12-21,djohns2
482,2021-08-09,knichol2
483,2022-05-16,zpetty2
484,2022-01-17,asp2
485,2021-10-03,sfi2
486,2023-11-13,bgomez2
487,2021-04-13,karmstr2
488,2023-12-02,dcamp2
489,2023-11-13,jcoo3
490,2023-12-01,esm2
491,2023-05-07,scoff2
492,2021-10-08,awillis2
493,2023-10-09,rjones2
494,2023-07-09,rpitts2
495,2021-02-25,joliver2
496,2021-07-30,kmaldon2
497,2021-09-24,tmidd2
498,2023-02-19,awillis2
499,2021-03-16,mmccart2
500,2021-01-28,pmcc2
501,2021-04-03,kmoor2
502,2021-09-21,ahartma2
503,2023-03-30,bme2
504,2022-12-25,ndom2
505,2021-09-26,abel3
506,2022-04-15,enash2
507,2021-07-09,wma2
508,2021-09-02,jev2
509,2021-08-10,iki2
510,2023-10-16,cwigg2
511,2021-04-10,sngu3
512,2021-10-11,smcke2
513,2022-02-14,smez2
514,2022-08-28,lmiles2
515,2023-03-16,mzavala2
516,2024-01-09,acherry2
517,2023-03-03,rmeyers2
518,2021-02-06,dnguyen2
519,2021-02-23,glee2
520,2023-04-14,awa2
521,2021-05-01,apage2
522,2021-04-04,cgo2
523,2021-04-25,msanc2
524,2023-12-02,nmontes2
525,2023-05-08,aande3
526,2023-01-21,bkirk2
527,2023-05-05,mpere2
528,2021-07-17,jwils3
529,2021-05-13,tcunni2
530,2021-11-01,pgreen2
531,2023-06-11,jrice2
532,2022-05-09,hryan2
533,2023-07-12,dreed2
534,2023-09-10,cgo2
535,2023-06-26,cmcc2
536,2022-02-02,ghowar2
537,2022-08-06,jcla2
538,2022-09-11,sno2
539,2023-05-30,ksmi5
540,2021-06-14,aru2
541,2021-02-07,zmannin2
542,2023-02-15,jjohnso4
543,2022-04-16,kjames2
544,2022-02-18,rcr2
545,2023-03-09,dpage2
546,2021-08-03,dfiel2
547,2021-08-31,jwebste2
548,2021-11-15,tcr2
549,2022-05-16,jcha2
550,2022-11-21,bpena2
551,2021-04-12,sbate2
552,2022-01-25,btorr2
553,2023-02-04,awillis2
554,2023-06-15,tpag2
555,2023-01-29,ahines2
556,2023-04-14,zre2
557,2022-11-22,mosborn2
558,2024-01-07,lmoor2
559,2022-09-12,tlinds2
560,2023-01-01,scoff2
561,2023-09-11,mross2
562,2022-06-09,vpearso2
563,2023-09-16,abennet2
564,2022-03-27,jmor2
565,2022-06-26,hdy2
566,2023-10-05,mstein2
567,2023-12-14,jell2
568,2023-11-20,vhayd2
569,2022-02-28,blee2
570,2021-01-23,mjon3
571,2022-09-09,eliving2
572,2023-01-15,mba3
573,2022-08-01,jdec2
574,2022-03-08,mbrown3
575,2022-09-27,njone2
576,2022-09-09,scruz2
577,2023-11-24,mvele2
578,2022-04-17,mall2
579,2023-09-12,myoung2
580,2023-02-26,dro2
581,2021-10-23,jyo3
582,2022-01-16,ldav2
583,2022-05-09,bme2
584,2021-04-07,spo2
585,2021-04-11,jyo3
586,2022-04-05,jfrazi2
587,2021-10-05,mbean2
588,2021-01-06,rchu2
589,2023-08-07,cford2
590,2021-01-29,bhall3
591,2022-12-16,jrom2
592,2023-10-31,rjones2
593,2021-07-26,khuber2
594,2022-12-14,mmccart2
595,2022-08-07,jmidd2
596,2022-03-04,dever2
597,2023-07-03,jphil3
598,2021-11-03,elogan2
599,2021-06-20,dpage2
600,2022-01-21,krodri3
601,2023-01-08,mking2
602,2021-02-14,eevans2
603,2024-01-09,dmci2
604,2022-07-02,lba2
605,2021-01-21,jhug2
606,2021-06-28,jfost2
607,2022-03-14,nmontes2
608,2023-01-02,kharri3
609,2023-03-22,hwilli2
610,2023-05-09,pmcc2
611,2022-03-03,sgil2
612,2022-08-02,hbenj2
613,2022-11-08,obus2
614,2022-03-02,alee2
615,2022-02-15,mjon3
616,2021-05-07,dbr2
617,2023-07-25,jharri3
618,2022-11-06,msanc2
619,2023-03-28,karno2
620,2023-09-09,cwigg2
621,2022-06-23,asm4
622,2021-09-24,jmidd2
623,2023-12-20,sdix2
624,2023-04-03,dsmit3
625,2023-04-04,fesp2
626,2023-02-19,scoff2
627,2022-08-22,tcr2
628,2022-05-17,aru2
629,2022-07-16,mlewis2
630,2023-03-09,bjones2
631,2022-01-16,kmaldon2
632,2023-06-07,dsmith4
633,2021-06-03,owi2
634,2023-12-10,smart3
635,2021-01-21,sgil2
636,2023-11-02,arod2
637,2022-05-31,gsamps2
638,2021-04-27,mwhit2
639,2022-06-06,emartin2
640,2021-04-13,jcampb4
641,2021-11-02,khann2
642,2021-12-09,fesp2
643,2022-06-10,ldea2
644,2021-01-17,zpetty2
645,2023-11-06,tgran2
646,2023-07-29,kmoor2
647,2021-02-02,jgar2
648,2021-12-02,jel3
649,2023-06-18,jmcc3
650,2021-01-12,bsm2
651,2024-01-16,awa4
652,2021-08-22,marn2
653,2024-01-02,mfl4
654,2021-11-05,karmstr2
655,2023-10-10,cleblan2
656,2021-07-11,ekelly3
657,2022-08-27,zre2
658,2021-09-16,atruj2
659,2022-08-24,ggutie2
660,2023-03-14,tpag2
661,2022-12-21,hhar2
662,2022-01-07,ljone3
663,2021-07-14,mhenso2
664,2021-03-16,cadams2
665,2022-05-07,dmci2
666,2022-09-26,tmidd2
667,2022-01-06,jke2
668,2021-09-26,gst2
669,2022-11-10,jhoward2
670,2022-09-08,sco5
671,2023-05-23,cmend2
672,2021-04-25,mshaf2
673,2023-07-26,rbrown4
674,2023-10-17,jrice2
675,2021-10-18,jgriffi2
676,2021-06-15,srob2
677,2023-05-17,ran2
678,2021-07-14,jva3
679,2023-03-21,kvela2
680,2021-07-08,jfrazi2
681,2023-06-13,ctay2
682,2021-11-25,tle3
683,2021-05-21,mwhit2
684,2024-01-21,glee2
685,2021-12-26,pwoodwa2
686,2022-12-07,djac2
687,2022-04-01,zpetty2
688,2022-08-15,tanders2
689,2022-10-05,enash2
690,2022-07-20,eliving2
691,2021-02-16,dalva2
692,2022-06-21,mfl4
693,2023-09-10,chunter2
694,2022-12-13,twea2
695,2021-12-01,psn2
696,2021-08-04,cme2
697,2021-05-21,msanc3
698,2022-03-17,kmoor2
699,2023-02-12,eliving2
700,2021-01-17,land3
701,2021-08-29,ssm4
702,2023-05-10,lanthon2
703,2023-07-22,mtyl2
704,2022-05-31,mbean2
705,2022-02-15,jblev2
706,2023-07-29,lhe3
707,2021-03-12,jchan2
708,2021-06-11,acart2
709,2022-01-01,wda2
710,2021-05-15,eday2
711,2021-05-11,mkim2
712,2021-05-30,bgomez2
713,2023-04-11,ldav2
714,2022-02-28,jsingh2
715,2021-11-27,lmeye2
716,2021-11-22,jhowe2
717,2023-12-16,ssava2
718,2022-05-07,sdix2
719,2022-11-03,abennet2
720,2022-01-17,abel3
721,2022-11-21,smarti4
722,2022-12-12,spalme3
723,2022-02-11,sfer2
724,2021-05-10,dwilso2
725,2022-11-03,jjackso4
726,2022-01-31,twilli2
727,2021-10-20,aespar2
728,2022-09-29,gcar2
729,2023-02-21,lal2
730,2022-07-06,dherrer2
731,2021-02-08,djac2
732,2021-08-30,jhub2
733,2022-08-12,kjua2
734,2021-12-16,rgrah2
735,2022-06-10,owi2
736,2022-08-07,kcarr3
737,2024-01-20,ssa2
738,2021-11-10,rjones2
739,2021-02-22,lwill2
740,2021-12-08,mwa3
741,2022-12-09,syu2
742,2022-01-06,msh2
743,2023-08-02,jell2
744,2021-04-21,jke2
745,2023-07-10,khann2
746,2021-06-12,rcr2
747,2023-03-06,acam4
748,2021-07-30,kobri2
749,2023-05-04,esheph2
750,2023-07-24,rchu2
751,2022-09-17,jwh3
752,2022-12-08,vmelto2
753,2022-12-26,pmira2
754,2022-03-20,arasmu2
755,2021-05-02,acam4
756,2022-07-31,bpete2
757,2023-12-10,mcombs2
758,2022-11-06,rcr2
759,2023-10-28,lwy2
760,2022-08-02,mmill2
761,2022-10-02,ldav2
762,2021-01-18,cwilli2
763,2021-06-29,cford2
764,2022-07-17,dnguyen2
765,2021-11-17,jmcc3
766,2023-07-19,awillia2
767,2021-08-20,jwrig2
768,2021-08-18,atruj2
769,2022-02-02,spo2
770,2023-04-15,ssa2
771,2022-03-11,btorr2
772,2023-05-17,joliver2
773,2021-02-06,rgra3
774,2021-10-20,kballa2
775,2021-04-24,dfiel2
776,2021-11-22,klam2
777,2023-08-13,kjo3
778,2022-06-02,mgarr2
779,2022-06-22,frich2
780,2022-10-08,jcoole2
781,2023-09-26,tto2
782,2021-07-12,kballa2
783,2023-02-22,awa2
784,2023-08-09,jrom2
785,2022-04-19,kjo3
786,2022-03-13,cleblan2
787,2022-10-29,aande3
788,2022-09-24,ndom2
789,2023-05-01,rli2
790,2023-06-23,mross2
791,2022-01-20,lal2
792,2023-04-21,jchan2
793,2023-07-27,rma2
794,2021-12-08,csim2
795,2022-09-06,krowl2
796,2021-10-16,jdec2
797,2023-02-06,jsimmo2
798,2021-06-15,jsimmo2
799,2022-04-25,mbowman2
800,2023-07-05,mhenso2
801,2023-04-18,tramo2
802,2023-10-17,wsan2
803,2022-05-08,mhenso2
804,2022-12-09,solson2
805,2023-10-26,ahenry2
806,2023-09-11,btorr2
807,2023-10-08,msanche3
808,2021-07-12,gst2
809,2023-03-03,mosborn2
810,2021-06-30,bsa2
811,2023-10-14,spo2
812,2022-11-14,scow2
813,2023-03-25,mjon3
814,2021-02-01,mmar3
815,2021-12-17,msanc3
816,2022-06-15,joliver2
817,2023-03-04,kcrai2
818,2023-12-22,nibarr2
819,2021-06-17,msanc3
820,2023-03-04,khowa2
821,2022-02-25,jro7
822,2022-03-11,mperez3
823,2022-04-12,acherry2
824,2022-08-07,ghowar2
825,2021-06-20,jfost2
826,2024-01-16,bkirk2
827,2021-01-22,awilson2
828,2022-07-29,jhub2
829,2021-07-22,eliving2
830,2023-11-14,tcr2
831,2021-02-25,afrazie2
832,2022-02-15,jev2
833,2021-12-15,dfar2
834,2023-04-13,adavi2
835,2022-05-12,ghowar2
836,2021-09-30,jblev2
837,2021-05-23,mshaf2
838,2022-04-11,bki2
839,2023-09-23,ehar3
840,2022-03-19,cdav3
841,2023-10-15,jjohnso4
842,2023-10-26,frich2
843,2023-06-03,bhal2
844,2022-11-21,mva4
845,2021-08-20,jhug2
846,2023-11-15,ehall2
847,2023-10-24,acart2
848,2022-05-19,csmith3
849,2023-06-15,bke2
850,2021-09-15,bsa2
851,2023-02-07,jreyes2
852,2023-12-02,mmill2
853,2023-01-29,bhal2
854,2021-07-14,smorri2
855,2023-11-05,jrom2
856,2021-06-23,lwy2
857,2021-07-26,mross2
858,2021-10-31,mjone2
859,2023-12-21,ndom2
860,2021-01-06,cmend2
861,2022-01-15,jrice2
862,2023-04-18,jbr5
863,2024-01-30,dkraus2
864,2023-03-22,hbenj2
865,2022-01-16,awa2
866,2022-09-06,rpitts2
867,2021-04-27,mfl4
868,2022-06-09,mtyl2
869,2021-07-10,hwilli2
870,2021-11-03,sgil2
871,2023-01-18,arasmu2
872,2021-11-21,cmcc2
873,2023-03-18,jwe3
874,2023-02-21,nmontes2
875,2022-02-13,epennin2
876,2023-03-26,jhowe2
877,2023-05-24,mhin2
878,2021-04-24,jwh3
879,2023-06-27,ewar2
880,2022-02-27,tcr2
881,2024-01-19,mgeo2
882,2021-08-17,mbe2
883,2024-01-09,dpage2
884,2022-11-30,twi3
885,2022-10-18,sco5
886,2022-07-22,aespar2
887,2021-04-23,mkhan2
888,2023-04-02,marn2
889,2022-06-29,bste4
890,2022-01-12,jke2
891,2022-04-22,eday2
892,2021-11-04,tcoop2
893,2022-07-05,jgarcia4
894,2023-08-23,ssm4
895,2021-08-21,rgrah2
896,2021-02-12,kballa2
897,2023-05-01,badams2
898,2023-10-09,dherrer2
899,2023-11-14,tcr2
900,2023-03-02,karmstr2
901,2021-11-26,smor2
902,2023-07-16,jwh3
903,2021-12-22,gst2
904,2023-01-27,rmac2
905,2023-04-23,sper2
906,2021-07-24,cspen2
907,2022-08-28,gdiaz2
908,2023-12-27,dwilso2
909,2022-12-23,vpearso2
910,2023-03-26,scow2
911,2021-01-30,pmartin2
912,2022-06-20,twang2
913,2023-01-25,tanders2
914,2021-05-16,jchan2
915,2022-10-10,cwigg2
916,2022-04-29,mfi2
917,2021-12-22,arasmu2
918,2023-12-20,aweb2
919,2023-06-02,kguzman2
920,2021-04-18,arober2
921,2021-11-16,ahartma2
922,2022-11-18,mosborn2
923,2023-07-04,eday2
924,2021-04-11,rmeyer2
925,2023-08-16,sdix2
926,2022-12-19,ssm4
927,2021-08-21,dherrer2
928,2021-07-29,mlewis2
929,2023-12-29,rgrah2
930,2023-03-20,rmeyers2
931,2021-12-19,tpa3
932,2023-09-12,smarti4
933,2021-06-29,kwill4
934,2022-05-31,dfiel2
935,2021-02-21,mha2
936,2022-02-25,dmci2
937,2021-11-25,kmaldon2
938,2022-01-20,jst2
939,2021-06-22,eliving2
940,2021-05-17,syu2
941,2022-09-07,mjacob2
942,2022-01-26,jcross2
943,2021-09-13,amalo2
944,2022-06-16,jphilli2
945,2021-04-29,lsantan2
946,2022-09-30,jhill2
947,2022-01-04,iki2
948,2021-09-11,cmend2
949,2023-03-25,gcar2
950,2021-09-04,dharri3
951,2021-06-02,mfox2
952,2024-01-22,aharper2
953,2023-07-24,myoung2
954,2023-05-01,jke2
955,2022-10-07,lmiles2
956,2022-03-23,kho2
957,2021-01-25,rrocha2
958,2021-02-16,atho2
959,2022-10-17,rjones2
960,2022-07-04,dherrer2
961,2021-08-11,badams2
962,2023-02-11,swalker2
963,2023-02-24,esm2
964,2022-12-14,kguzman2
965,2022-01-21,kfi3
966,2022-09-10,bpratt2
967,2023-10-17,chunter2
968,2022-07-17,sturne3
969,2022-11-24,cdeleo2
970,2023-10-13,jchan2
971,2021-12-29,twea2
972,2021-01-27,jdaw2
973,2021-03-15,nmontes2
974,2023-02-02,jel3
975,2024-01-30,bpena2
976,2022-09-30,jblev2
977,2021-10-27,zgarc2
978,2023-12-21,pmira2
979,2021-10-07,kmaldon2
980,2021-10-03,kwill4
981,2021-05-31,awa2
982,2022-07-20,hryan2
983,2021-09-12,mperkin2
984,2022-09-11,lsantan2
985,2021-01-06,psa3
986,2022-08-05,ktorre2
987,2023-08-21,dhu2
988,2023-02-20,ndom2
989,2023-06-14,djohns2
990,2021-05-25,jfost2
991,2022-03-19,kco3
992,2022-02-19,mjone2
993,2022-05-20,aalexan2
994,2022-02-21,arasmu2
995,2023-01-14,dchrist2
996,2022-10-03,ahenry2
997,2021-08-30,mall2
998,2022-05-08,gcar2
999,2021-12-13,mha2
1000,2023-02-02,kwill2
