CourseID,Students,GPA
AAS100,5441,3.52
AAS105,57,3.69
AAS120,595,3.28
AAS200,247,3.52
AAS211,52,3.32
AAS215,297,3.44
AAS246,320,3.78
AAS258,168,3.75
AAS287,209,3.79
AAS315,28,3.35
AAS365,58,3.19
AAS370,29,3.02
ABE100,512,3.63
ABE127,86,3.9
ABE141,370,3.37
ABE152,574,3.8
ABE199,70,3.97
ABE221,63,3.55
ABE222,46,2.92
ABE223,491,3.53
ABE224,565,3.62
ABE225,392,3.19
ABE226,393,3.24
ABE232,220,3.67
ABE341,106,3.07
ABE361,47,3.14
ABE425,400,3.73
ABE430,1473,3.65
ABE436,601,3.32
ABE446,22,3.66
ABE456,43,3.82
ABE457,72,3.71
ABE466,287,3.3
ABE469,441,3.6
ABE483,24,3.58
ABE488,322,3.45
ABE498,273,3.82
ABE501,44,3.87
ABE598,25,3.8
ACCY200,9334,3.29
ACCY201,12827,3.07
ACCY202,10654,3.24
ACCY301,6338,3.3
ACCY302,6259,3.34
ACCY303,5873,3.32
ACCY304,5597,3.34
ACCY312,5445,3.3
ACCY398,1538,3.91
ACCY405,4345,3.37
ACCY410,3596,3.31
ACCY415,1008,3.26
ACCY432,22,3.67
ACCY449,52,3.94
ACCY451,2326,3.36
ACCY500,11626,3.72
ACCY501,4337,3.46
ACCY502,3727,3.47
ACCY503,14682,3.6
ACCY504,3825,3.49
ACCY505,4657,3.58
ACCY506,738,3.46
ACCY507,897,3.66
ACCY510,3188,3.48
ACCY511,1560,3.5
ACCY512,2824,3.73
ACCY515,2003,3.43
ACCY516,37,3.47
ACCY517,2839,3.59
ACCY518,443,3.96
ACCY519,21,3.42
ACCY531,494,3.86
ACCY532,765,3.93
ACCY550,191,3.69
ACCY551,678,3.38
ACCY552,737,3.41
ACCY553,333,3.51
ACCY554,267,3.57
ACCY555,157,3.48
ACCY556,827,3.58
ACCY557,432,3.58
ACCY558,160,3.74
ACCY559,295,3.62
ACCY560,491,3.79
ACCY561,126,3.47
ACCY562,25,3.35
ACCY563,24,3.53
ACCY564,24,3.55
ACCY569,379,3.57
ACCY570,1494,3.84
ACCY571,316,3.63
ACCY574,423,3.89
ACCY575,1427,3.79
ACCY576,276,3.78
ACCY577,237,3.74
ACCY578,237,3.77
ACCY593,1421,3.71
ACE100,3658,2.86
ACE161,7277,3.53
ACE199,1700,3.73
ACE203,149,3.63
ACE210,2787,3.2
ACE220,79,3.56
ACE221,260,3.81
ACE222,2342,3.25
ACE231,2055,3.39
ACE232,1079,3.1
ACE240,10755,3.53
ACE243,30,3.56
ACE251,4474,3.31
ACE254,487,3.07
ACE255,1076,3.75
ACE261,1235,2.96
ACE262,842,3.06
ACE264,863,3.08
ACE270,1031,3.0
ACE300,1074,3.17
ACE306,536,3.27
ACE310,1302,3.31
ACE332,28,3.42
ACE335,329,3.62
ACE341,1833,3.68
ACE344,82,3.79
ACE345,1793,3.49
ACE346,958,3.45
ACE349,35,3.26
ACE360,1268,3.44
ACE398,924,3.64
ACE403,285,3.32
ACE406,603,2.94
ACE410,80,3.45
ACE411,641,3.34
ACE427,1350,3.14
ACE428,1597,3.15
ACE430,581,3.01
ACE431,483,3.32
ACE432,157,3.63
ACE435,2014,3.48
ACE440,444,3.38
ACE444,1636,3.25
ACE445,667,3.5
ACE446,538,3.05
ACE447,213,3.61
ACE448,194,3.22
ACE449,742,3.22
ACE451,321,3.15
ACE454,224,2.83
ACE455,846,3.31
ACE456,306,3.32
ACE471,75,3.34
ACE474,661,2.97
ACE476,787,3.06
ACE499,27,3.28
ACE544,25,3.96
ACE545,27,3.95
ACE562,188,3.72
ACE563,44,3.72
ACE564,176,3.71
ACE592,143,3.41
ACES101,3913,3.76
ACES102,285,3.67
ACES179,726,3.17
ACES199,276,3.38
ACES298,21,3.9
ACES409,26,3.08
ACES501,31,3.89
ADV150,7456,3.61
ADV175,738,3.53
ADV199,24,3.73
ADV200,158,3.2
ADV201,421,3.69
ADV250,462,3.8
ADV270,718,3.43
ADV281,2673,2.96
ADV283,2095,3.74
ADV284,2260,3.57
ADV290,590,3.57
ADV300,3426,3.35
ADV301,325,3.63
ADV305,828,3.74
ADV310,2869,3.25
ADV311,435,3.35
ADV312,401,2.83
ADV314,198,3.56
ADV320,968,3.48
ADV350,421,3.68
ADV360,342,3.42
ADV370,1194,3.34
ADV390,2399,3.15
ADV393,1279,3.62
ADV400,255,3.69
ADV409,466,3.77
ADV410,1828,3.63
ADV411,116,3.68
ADV412,439,2.88
ADV450,810,3.07
ADV460,1958,3.5
ADV461,21,3.6
ADV475,35,2.96
ADV476,83,3.55
ADV478,66,3.28
ADV480,78,3.91
ADV481,656,3.07
ADV483,2825,3.33
ADV490,486,3.62
ADV491,693,3.48
ADV492,213,3.74
ADV493,703,3.55
ADV494,191,3.56
ADV498,879,3.8
ADV550,50,3.7
ADV580,77,3.73
ADV581,61,3.54
ADV582,78,3.76
ADV587,48,3.73
ADV588,25,3.59
AE100,2072,3.76
AE140,802,3.48
AE199,1370,3.56
AE201,84,3.31
AE202,1733,3.43
AE252,90,2.73
AE302,133,3.42
AE311,1790,3.13
AE312,1544,3.0
AE321,1875,2.62
AE322,83,2.41
AE323,1469,2.84
AE352,1695,3.24
AE353,1681,3.18
AE360,75,3.39
AE370,1312,3.24
AE402,840,3.32
AE403,184,3.5
AE410,375,3.39
AE412,291,3.5
AE416,591,3.13
AE419,511,3.18
AE433,1544,3.07
AE434,403,3.09
AE435,264,3.06
AE440,45,3.75
AE441,117,3.66
AE442,1473,3.1
AE443,1194,3.56
AE451,80,3.48
AE454,64,3.65
AE460,1565,3.61
AE461,1335,3.54
AE470,77,3.09
AE480,55,3.54
AE483,1439,3.75
AE498,473,3.59
AE502,48,3.66
AE504,127,3.64
AE508,29,3.85
AE512,61,3.53
AE515,23,3.6
AE526,26,3.53
AE542,78,3.59
AE543,25,3.59
AE598,80,3.76
AFRO100,1613,3.29
AFRO101,745,2.96
AFRO103,398,2.99
AFRO105,220,3.37
AFRO132,1126,3.26
AFRO199,228,3.6
AFRO224,137,3.78
AFRO226,71,3.63
AFRO227,21,3.44
AFRO228,257,3.74
AFRO231,142,3.76
AFRO243,174,3.48
AFRO250,24,3.5
AFRO261,232,3.35
AFRO298,24,3.84
AFRO342,125,2.62
AFRO372,64,3.26
AFRO378,87,3.61
AFRO381,27,3.79
AFRO383,208,3.42
AFRO410,246,3.77
AFRO411,242,3.33
AFST210,185,3.28
AFST222,317,3.51
AGCM110,155,3.53
AGCM220,495,3.57
AGCM230,70,3.33
AGCM270,121,3.4
AGCM315,128,3.67
AGCM320,102,3.43
AGCM330,73,3.65
AGCM420,44,3.61
AGCM430,113,3.41
AGED100,92,3.6
AGED140,181,3.35
AGED220,21,3.0
AGED230,408,3.52
AGED260,3104,3.5
AGED280,271,3.46
AGED300,178,3.7
AGED310,23,3.56
AGED340,199,3.55
AGED360,138,3.63
AGED380,965,3.61
AGED421,21,3.53
AGED430,65,3.83
AGED480,657,3.78
AGED496,51,3.94
AGED499,149,3.74
AGED550,22,3.55
AGED551,22,3.68
AHS125,352,3.86
AHS199,700,3.77
AHS365,39,3.94
AHS375,33,3.97
AHS399,63,3.88
AHS494,217,3.5
AIS101,1881,3.49
AIS140,56,3.36
AIS265,193,3.2
AIS275,26,3.34
AIS285,394,3.59
ALEC110,234,3.88
ALEC115,48,3.68
ALEC451,129,3.69
ALEC490,32,3.82
ALEC491,21,3.74
ALEC492,22,3.7
ALEC505,21,3.89
ALEC540,27,3.77
ANSC100,3217,3.43
ANSC101,2492,3.61
ANSC103,1310,3.96
ANSC109,84,3.54
ANSC110,1028,3.66
ANSC120,30,3.75
ANSC198,150,3.64
ANSC199,200,3.78
ANSC201,83,3.77
ANSC205,3178,3.65
ANSC206,741,3.76
ANSC207,5924,3.43
ANSC209,29,3.28
ANSC210,619,3.79
ANSC221,2450,2.85
ANSC222,2538,2.6
ANSC223,2008,3.05
ANSC224,1951,2.83
ANSC250,10425,3.61
ANSC251,375,2.91
ANSC255,291,3.8
ANSC256,184,2.34
ANSC294,70,3.91
ANSC298,2182,3.76
ANSC299,30,3.83
ANSC305,1171,3.66
ANSC306,371,3.72
ANSC307,760,3.03
ANSC309,180,3.67
ANSC321,107,3.19
ANSC322,71,3.09
ANSC331,313,3.1
ANSC350,523,3.45
ANSC362,102,2.43
ANSC363,737,3.65
ANSC370,406,3.18
ANSC398,423,3.89
ANSC400,57,3.84
ANSC401,490,3.69
ANSC402,302,3.79
ANSC403,46,3.62
ANSC404,69,3.87
ANSC406,832,3.44
ANSC407,416,3.08
ANSC409,339,3.6
ANSC420,515,3.03
ANSC421,25,3.65
ANSC422,986,3.28
ANSC424,215,3.51
ANSC431,744,3.33
ANSC437,84,3.18
ANSC438,407,3.76
ANSC442,23,3.66
ANSC444,113,3.65
ANSC445,245,3.83
ANSC446,226,3.42
ANSC450,536,2.99
ANSC452,703,3.54
ANSC464,32,3.71
ANSC467,340,3.71
ANSC470,32,3.89
ANSC498,1668,3.82
ANSC499,327,3.49
ANSC520,290,3.31
ANSC526,166,3.64
ANSC542,115,3.87
ANSC561,24,3.77
ANTH101,9142,3.2
ANTH102,1293,3.01
ANTH103,14825,3.44
ANTH104,350,3.45
ANTH105,986,3.08
ANTH106,771,3.55
ANTH143,13098,3.48
ANTH150,43,3.39
ANTH157,33,3.21
ANTH160,208,3.18
ANTH165,87,3.53
ANTH175,204,3.25
ANTH180,4258,3.37
ANTH182,122,3.4
ANTH185,152,3.36
ANTH199,24,3.32
ANTH209,2540,3.63
ANTH220,304,3.26
ANTH221,26,3.12
ANTH225,28,3.32
ANTH230,826,3.26
ANTH240,138,3.41
ANTH241,116,3.63
ANTH246,16425,3.6
ANTH248,26,3.83
ANTH249,200,3.45
ANTH259,49,3.77
ANTH262,132,3.5
ANTH266,104,3.19
ANTH268,247,3.13
ANTH270,263,3.3
ANTH271,64,3.17
ANTH275,94,3.19
ANTH277,119,3.3
ANTH278,396,3.71
ANTH279,95,3.15
ANTH280,21,3.35
ANTH288,185,3.45
ANTH343,129,3.63
ANTH346,21,3.78
ANTH347,26,3.26
ANTH350,52,3.52
ANTH353,46,3.32
ANTH362,53,3.52
ANTH363,29,3.19
ANTH368,21,3.32
ANTH372,24,3.92
ANTH374,52,3.58
ANTH375,29,3.5
ANTH376,64,3.03
ANTH379,24,3.02
ANTH393,22,3.04
ANTH399,163,3.6
ANTH407,21,3.74
ANTH411,94,3.59
ANTH414,21,3.31
ANTH437,23,3.28
ANTH441,167,3.59
ANTH449,21,3.72
ANTH459,45,3.68
ANTH460,25,3.86
ANTH462,176,3.6
ANTH466,21,3.74
ANTH498,112,3.56
ARAB150,798,3.27
ARAB201,86,3.36
ARAB202,43,3.5
ARAB403,48,3.69
ARAB404,63,3.72
ARAB405,21,3.43
ARCH101,1741,3.53
ARCH171,1218,3.33
ARCH172,965,3.52
ARCH199,1086,3.56
ARCH210,2037,3.09
ARCH231,1747,3.33
ARCH232,739,3.01
ARCH233,797,3.31
ARCH271,1397,3.06
ARCH272,720,3.12
ARCH273,806,3.13
ARCH274,699,3.04
ARCH314,62,3.81
ARCH321,663,3.66
ARCH341,1166,2.93
ARCH342,1082,3.04
ARCH351,1027,3.2
ARCH352,1019,3.23
ARCH371,25,3.79
ARCH373,247,3.3
ARCH374,319,3.35
ARCH403,121,3.28
ARCH407,106,3.35
ARCH409,701,3.39
ARCH410,469,2.99
ARCH411,409,3.19
ARCH412,232,3.04
ARCH413,104,3.3
ARCH414,146,3.47
ARCH415,77,3.1
ARCH416,806,3.26
ARCH417,596,3.22
ARCH423,69,3.79
ARCH433,606,3.01
ARCH434,485,3.52
ARCH435,410,3.13
ARCH451,1205,3.3
ARCH452,1163,3.44
ARCH468,473,3.48
ARCH475,187,3.3
ARCH476,204,3.42
ARCH480,103,3.64
ARCH490,26,3.56
ARCH501,765,3.53
ARCH502,431,3.38
ARCH517,443,3.4
ARCH536,523,3.28
ARCH537,276,3.49
ARCH551,22,3.42
ARCH553,22,3.29
ARCH554,43,3.76
ARCH556,25,3.62
ARCH563,21,3.64
ARCH577,1125,3.19
ARCH593,217,3.7
ARCH595,370,3.5
ART100,1381,3.4
ART102,165,3.71
ART103,97,3.85
ART104,21,3.94
ART105,606,3.77
ART140,110,3.18
ART160,21,3.41
ART201,21,3.95
ART202,249,3.9
ART205,151,3.54
ART250,42,3.23
ART299,285,3.64
ART310,511,3.69
ARTD101,21,3.57
ARTD201,293,3.39
ARTD202,220,3.39
ARTD209,405,3.2
ARTD211,272,3.7
ARTD212,26,3.47
ARTD213,28,3.88
ARTD215,51,3.54
ARTD216,30,3.62
ARTD217,31,3.37
ARTD218,347,3.57
ARTD222,181,3.68
ARTD225,437,3.23
ARTD226,122,3.47
ARTD228,194,3.18
ARTD230,102,3.84
ARTD251,204,3.26
ARTD260,22,3.24
ARTD261,21,3.89
ARTD270,280,3.37
ARTD299,180,3.66
ARTD301,233,2.9
ARTD302,185,3.22
ARTD310,102,3.37
ARTD313,99,3.44
ARTD318,70,3.6
ARTD326,651,3.44
ARTD328,451,3.6
ARTD330,115,3.27
ARTD333,110,3.56
ARTD351,262,3.68
ARTD362,21,3.91
ARTD371,104,3.67
ARTD401,201,3.35
ARTD402,224,3.4
ARTD410,96,3.51
ARTD411,67,3.58
ARTD418,86,3.25
ARTD420,21,3.68
ARTD426,460,3.62
ARTD444,21,3.75
ARTD445,168,3.38
ARTD448,316,3.43
ARTD451,148,3.59
ARTD471,167,3.77
ARTD499,195,3.22
ARTE101,994,3.46
ARTE201,42,3.71
ARTE202,43,3.84
ARTE475,26,3.92
ARTE591,22,3.95
ARTF101,2238,3.31
ARTF102,21,3.69
ARTF103,21,3.64
ARTF104,63,3.51
ARTH110,127,3.31
ARTH111,153,3.21
ARTH112,201,3.21
ARTH113,157,3.28
ARTH114,84,2.87
ARTH115,237,3.18
ARTH127,21,3.88
ARTH211,948,3.38
ARTH214,26,3.4
ARTH215,78,2.99
ARTH222,51,3.17
ARTH230,33,2.61
ARTH231,91,3.38
ARTH235,239,3.19
ARTH240,171,3.19
ARTH241,306,3.3
ARTH242,242,3.37
ARTH250,199,3.23
ARTH257,584,3.15
ARTH260,480,2.97
ARTH299,303,3.31
ARTH310,76,3.34
ARTH312,47,3.55
ARTH313,48,3.36
ARTH342,33,3.05
ARTH344,77,2.93
ARTH345,33,3.29
ARTH350,46,2.79
ARTH351,101,3.37
ARTH360,159,3.11
ARTH361,104,3.32
ARTH395,23,3.28
ARTH402,149,3.27
ARTH403,223,3.29
ARTH413,22,3.34
ARTH433,34,3.09
ARTH435,26,3.62
ARTH436,21,3.12
ARTH440,44,3.32
ARTH441,32,3.29
ARTH445,29,3.77
ARTH446,114,3.18
ARTH495,22,3.38
ARTJ101,21,3.65
ARTJ209,259,3.32
ARTJ299,205,3.63
ARTJ301,150,3.73
ARTJ302,123,3.72
ARTJ397,87,3.24
ARTJ398,70,3.12
ARTS220,283,3.78
ARTS250,42,3.55
ARTS251,42,3.59
ARTS261,27,3.97
ARTS280,21,3.44
ARTS299,42,3.85
ARTS351,69,3.4
ARTS392,43,3.12
ARTS405,21,3.21
ARTS450,57,3.23
ARTS451,50,3.59
ARTS499,42,3.63
ASRM101,45,3.64
ASRM195,83,3.59
ASRM199,145,3.62
ASRM210,682,3.25
ASRM406,419,3.44
ASRM409,323,3.42
ASRM410,578,3.33
ASRM441,81,3.24
ASRM442,25,2.04
ASRM455,147,3.56
ASRM461,500,3.05
ASRM469,90,2.98
ASRM471,509,3.26
ASRM472,157,3.32
ASRM510,26,3.6
ASRM533,23,3.57
ASRM539,21,3.86
ASRM552,26,3.45
ASTR100,15817,3.09
ASTR121,3724,3.08
ASTR122,4476,3.21
ASTR150,2330,3.42
ASTR199,21,3.26
ASTR210,1866,3.05
ASTR310,295,3.37
ASTR330,3094,3.57
ASTR350,783,3.49
ASTR404,458,3.07
ASTR405,535,3.03
ASTR406,471,3.07
ASTR414,328,3.13
ASTR496,26,3.68
ASTR507,31,3.81
ATMS100,8701,3.31
ATMS120,20150,3.59
ATMS140,2258,3.35
ATMS201,1013,3.55
ATMS205,23,3.67
ATMS301,280,3.05
ATMS302,335,2.84
ATMS303,292,2.85
ATMS304,212,3.03
ATMS305,302,3.4
ATMS306,43,2.88
ATMS307,111,2.87
ATMS313,172,3.15
ATMS314,161,2.9
ATMS315,28,3.96
ATMS322,194,3.31
ATMS323,43,3.19
ATMS391,21,3.46
ATMS401,23,3.4
ATMS404,33,3.34
ATMS410,88,2.99
ATMS420,81,3.63
ATMS421,142,3.49
ATMS444,23,3.86
ATMS447,21,3.36
ATMS491,95,3.47
ATMS492,23,3.81
ATMS502,73,3.72
ATMS510,21,3.08
ATMS511,23,3.48
ATMS517,72,3.62
ATMS520,21,3.7
AVI101,52,3.39
AVI130,22,2.92
AVI140,25,3.43
AVI184,27,3.44
AVI200,22,3.17
AVI210,21,3.17
AVI384,22,3.1
AVI455,24,3.31
AVI497,123,3.41
BADM199,543,3.89
BADM210,4549,3.53
BADM211,3866,3.65
BADM261,774,3.95
BADM275,3715,3.8
BADM300,15123,3.43
BADM310,20558,3.57
BADM311,2202,3.59
BADM312,1830,3.53
BADM313,1197,3.61
BADM314,1328,3.52
BADM320,22631,3.73
BADM321,548,3.65
BADM322,2505,3.67
BADM323,1416,3.62
BADM324,997,3.79
BADM325,2405,3.72
BADM326,364,3.57
BADM327,602,3.73
BADM329,937,3.75
BADM330,177,3.85
BADM335,717,3.49
BADM336,632,3.61
BADM337,482,3.84
BADM338,162,3.63
BADM340,1434,3.72
BADM346,111,3.78
BADM350,5836,3.56
BADM351,1228,3.82
BADM352,2098,3.65
BADM353,1958,3.67
BADM356,668,3.86
BADM359,265,3.88
BADM360,150,3.77
BADM365,267,3.81
BADM366,341,3.88
BADM367,858,3.78
BADM370,27,3.83
BADM374,2128,3.48
BADM375,3818,3.39
BADM377,731,3.41
BADM378,1063,3.25
BADM379,483,3.43
BADM380,3246,3.64
BADM381,1271,3.74
BADM382,916,3.7
BADM394,36,3.98
BADM395,899,3.62
BADM403,1816,3.63
BADM420,1244,3.76
BADM445,663,3.75
BADM446,754,3.65
BADM449,11227,3.62
BADM453,734,3.84
BADM458,54,3.57
BADM460,782,3.67
BADM461,52,3.98
BADM501,21,3.71
BADM502,401,3.74
BADM508,15095,3.7
BADM509,13071,3.67
BADM513,434,3.76
BADM514,1172,3.7
BADM520,12416,3.79
BADM521,408,3.66
BADM524,257,3.76
BADM525,1223,3.59
BADM527,49,3.58
BADM528,126,3.54
BADM529,41,3.72
BADM532,69,3.93
BADM535,48,3.84
BADM540,288,3.92
BADM543,1011,3.57
BADM544,12122,3.57
BADM550,1431,3.86
BADM551,901,3.76
BADM552,307,3.8
BADM553,145,3.53
BADM554,861,3.39
BADM555,355,3.75
BADM556,223,3.88
BADM557,575,3.87
BADM558,140,3.97
BADM559,178,3.76
BADM561,70,3.68
BADM562,331,3.81
BADM564,54,3.56
BADM565,34,3.94
BADM566,1143,3.52
BADM567,12571,3.63
BADM571,44,3.97
BADM572,11151,3.48
BADM573,598,3.53
BADM574,776,3.52
BADM575,116,3.78
BADM576,187,3.83
BADM577,119,3.69
BADM582,543,3.77
BADM583,483,3.72
BADM584,490,3.69
BADM586,426,3.89
BADM588,119,3.93
BADM589,4527,3.59
BADM590,15850,3.76
BADM593,473,3.53
BADM595,176,3.66
BCOG100,401,3.5
BCOG200,110,3.39
BCOG301,27,3.45
BCOG458,119,2.96
BCS115,540,3.55
BDI367,109,3.76
BDI411,242,3.44
BDI475,442,3.86
BDI477,92,3.46
BDI513,352,3.81
BIOC445,67,3.82
BIOC446,662,3.45
BIOC455,549,3.27
BIOC460,289,3.48
BIOE100,526,3.93
BIOE120,1214,3.85
BIOE198,24,2.95
BIOE199,115,3.85
BIOE201,1080,3.6
BIOE202,911,3.16
BIOE205,878,3.21
BIOE206,1012,3.24
BIOE210,590,3.26
BIOE220,276,3.57
BIOE298,303,3.37
BIOE301,217,3.52
BIOE302,852,3.47
BIOE303,448,3.81
BIOE310,716,3.59
BIOE360,687,3.4
BIOE398,114,3.85
BIOE400,124,3.75
BIOE414,1521,3.38
BIOE415,891,3.75
BIOE420,722,3.73
BIOE430,54,3.72
BIOE435,366,3.81
BIOE436,346,3.89
BIOE450,28,3.76
BIOE476,1145,3.64
BIOE479,118,3.85
BIOE485,46,3.71
BIOE487,47,3.79
BIOE498,897,3.83
BIOE502,98,3.86
BIOE504,236,3.7
BIOE505,223,3.67
BIOE507,22,3.9
BIOE573,124,3.41
BIOE574,100,3.83
BIOE575,123,3.84
BIOE598,92,3.8
BIOP401,368,3.71
BTW199,21,3.65
BTW250,13432,3.57
BTW261,1375,3.61
BTW263,24,3.28
BTW271,223,3.61
BTW285,23,3.66
BUS101,8265,3.83
BUS115,75,3.93
BUS120,142,3.91
BUS199,647,3.87
BUS201,3658,3.88
BUS301,2190,3.9
BUS302,69,3.89
BUS315,67,3.94
BUS401,2263,3.93
CB624,37,3.89
CB626,121,3.88
CEE190,994,3.33
CEE195,2439,3.68
CEE198,93,3.51
CEE201,2800,3.17
CEE202,2905,3.27
CEE300,2524,2.94
CEE310,1910,3.07
CEE320,2768,3.42
CEE330,3463,3.44
CEE340,517,3.42
CEE350,1054,3.36
CEE360,2333,3.06
CEE380,2449,2.86
CEE398,183,3.61
CEE401,69,3.48
CEE406,508,3.08
CEE407,204,3.33
CEE408,301,3.18
CEE409,297,3.51
CEE410,47,3.24
CEE411,186,3.25
CEE412,214,3.75
CEE415,390,3.07
CEE416,428,3.12
CEE418,190,3.23
CEE420,1900,3.44
CEE421,2496,3.47
CEE422,1837,3.39
CEE424,488,3.45
CEE430,25,3.56
CEE432,97,3.62
CEE433,180,3.48
CEE434,554,3.52
CEE437,662,3.34
CEE438,29,3.53
CEE440,214,3.33
CEE442,399,3.6
CEE443,327,3.37
CEE444,231,3.39
CEE446,172,3.2
CEE447,29,3.28
CEE449,403,3.36
CEE450,365,3.57
CEE452,334,3.54
CEE453,234,3.29
CEE457,352,3.28
CEE458,56,3.8
CEE460,1724,3.36
CEE461,1791,3.15
CEE462,846,3.47
CEE463,832,3.39
CEE465,817,3.34
CEE467,105,3.06
CEE468,294,3.58
CEE469,191,3.55
CEE470,1292,3.19
CEE471,883,3.08
CEE472,925,3.49
CEE473,24,3.83
CEE480,280,2.9
CEE483,359,3.03
CEE484,222,3.27
CEE491,476,3.17
CEE492,109,3.63
CEE493,407,3.83
CEE498,1793,3.7
CEE506,67,3.38
CEE507,52,3.76
CEE508,122,3.44
CEE509,45,3.44
CEE512,105,3.51
CEE515,29,3.34
CEE517,23,3.38
CEE524,121,3.7
CEE525,504,3.68
CEE526,204,3.67
CEE527,23,3.72
CEE528,361,3.7
CEE537,235,3.46
CEE538,80,3.6
CEE540,23,3.88
CEE557,25,3.76
CEE559,25,3.8
CEE560,110,3.47
CEE561,22,3.79
CEE570,789,3.28
CEE572,528,3.75
CEE574,28,3.63
CEE575,70,3.6
CEE576,23,3.74
CEE580,47,3.34
CEE585,24,3.83
CEE586,46,3.43
CEE590,69,3.47
CEE592,199,3.84
CEE598,1136,3.69
CHBE101,350,3.29
CHBE221,2851,2.67
CHBE321,2307,2.96
CHBE411,42,3.03
CHBE413,22,3.66
CHBE421,2498,2.78
CHBE422,2144,2.82
CHBE424,2053,2.83
CHBE430,1888,3.3
CHBE431,1914,3.05
CHBE440,2051,3.09
CHBE452,32,3.55
CHBE453,163,3.41
CHBE455,146,3.08
CHBE456,123,3.19
CHBE457,173,2.88
CHBE458,93,3.53
CHBE459,24,3.42
CHBE471,940,3.16
CHBE472,93,3.04
CHBE473,235,2.92
CHBE474,22,3.4
CHBE475,324,3.58
CHBE476,819,3.61
CHBE478,121,2.96
CHBE481,27,3.59
CHBE494,867,3.4
CHBE513,35,3.54
CHBE521,336,3.53
CHBE522,52,3.6
CHBE523,168,3.47
CHBE525,145,3.46
CHBE551,191,3.53
CHBE571,313,3.83
CHBE594,55,3.64
CHEM101,14014,2.65
CHEM102,43821,2.5
CHEM103,43950,3.53
CHEM104,26070,2.63
CHEM105,25798,3.57
CHEM108,691,3.73
CHEM150,182,3.82
CHEM199,10419,3.92
CHEM202,3161,2.64
CHEM203,3164,3.05
CHEM204,2272,2.68
CHEM205,2187,3.05
CHEM222,1704,3.55
CHEM223,1328,3.15
CHEM232,17499,2.71
CHEM233,14439,3.43
CHEM236,3271,2.81
CHEM237,2911,2.89
CHEM312,1875,2.89
CHEM315,2543,3.06
CHEM317,418,3.3
CHEM332,6798,2.85
CHEM360,2254,3.41
CHEM420,2839,3.14
CHEM436,1635,2.74
CHEM437,230,3.28
CHEM440,1958,3.17
CHEM442,2835,3.29
CHEM444,605,3.08
CHEM445,42,3.67
CHEM460,46,3.23
CHEM474,575,2.96
CHEM483,176,3.47
CHEM492,92,3.68
CHEM512,199,3.53
CHEM524,194,3.72
CHEM530,397,3.47
CHEM532,501,3.46
CHEM534,239,3.37
CHEM540,68,3.49
CHEM544,120,3.57
CHEM570,402,3.54
CHEM572,118,3.71
CHEM574,21,3.72
CHEM576,46,3.8
CHEM584,472,3.62
CHEM588,289,3.74
CHEM590,84,3.53
CHIN203,21,3.38
CHIN242,21,2.6
CHIN440,21,3.54
CHLH100,10435,3.39
CHLH101,12905,3.38
CHLH110,28,3.24
CHLH111,400,3.82
CHLH125,2650,3.77
CHLH126,87,3.85
CHLH199,1251,3.66
CHLH200,2958,3.41
CHLH201,1239,3.36
CHLH203,132,3.75
CHLH206,18226,3.36
CHLH210,3141,3.5
CHLH243,21706,3.6
CHLH244,825,3.03
CHLH250,3698,3.57
CHLH260,7726,3.72
CHLH274,8495,3.25
CHLH304,3992,3.5
CHLH314,512,3.73
CHLH380,2756,3.86
CHLH404,525,3.72
CHLH407,255,3.88
CHLH409,752,3.64
CHLH410,3015,3.6
CHLH415,961,3.45
CHLH421,2968,3.54
CHLH441,47,3.86
CHLH444,23,3.5
CHLH455,2045,3.61
CHLH456,1433,3.69
CHLH457,2049,3.64
CHLH458,2001,3.55
CHLH465,52,3.56
CHLH469,837,3.7
CHLH470,25,3.72
CHLH474,22,3.52
CHLH494,394,3.74
CHLH510,23,3.87
CHLH540,198,3.75
CHLH550,121,3.88
CHLH551,21,3.95
CHLH553,22,3.91
CHLH556,21,3.9
CHLH572,233,3.64
CHLH573,264,3.54
CHLH575,47,3.87
CHLH577,105,3.89
CHLH579,50,3.95
CHLH581,131,3.89
CHLH587,23,3.9
CHLH594,224,3.78
CHP199,601,3.83
CHP396,21,3.81
CI210,381,3.87
CI335,330,3.87
CI401,760,3.78
CI402,208,3.8
CI403,603,3.78
CI404,487,3.77
CI405,916,3.72
CI406,864,3.77
CI407,804,3.8
CI410,384,3.63
CI415,1699,3.78
CI420,70,3.74
CI421,47,3.68
CI422,121,3.8
CI424,80,3.79
CI430,1026,3.73
CI431,226,3.74
CI432,889,3.87
CI433,340,3.76
CI435,47,3.86
CI436,23,3.96
CI437,149,3.87
CI438,49,3.94
CI439,95,3.8
CI443,45,3.95
CI444,24,3.94
CI445,23,3.79
CI446,327,3.83
CI447,304,3.92
CI448,620,3.83
CI450,952,3.72
CI451,541,3.86
CI452,299,3.84
CI453,24,3.81
CI465,73,3.71
CI466,47,3.87
CI467,910,3.74
CI468,25,3.78
CI471,126,3.7
CI472,25,3.96
CI473,1485,3.93
CI475,1254,3.76
CI476,996,3.8
CI477,137,3.84
CI480,51,3.86
CI482,23,3.96
CI487,28,3.8
CI499,24,3.74
CI501,131,3.92
CI507,53,3.58
CI509,21,3.93
CI517,92,3.76
CI522,22,3.85
CI541,71,3.6
CI543,24,3.91
CI550,560,3.81
CINE193,25,3.4
CINE247,29,3.41
CINE261,73,3.46
CINE262,170,3.09
CINE361,21,3.02
CINE395,64,3.38
CINE495,21,3.31
CLCV100,875,2.71
CLCV102,4572,3.51
CLCV111,2507,3.13
CLCV114,2414,3.15
CLCV115,12328,3.48
CLCV116,2150,3.36
CLCV120,654,3.49
CLCV131,267,3.32
CLCV132,374,3.07
CLCV133,80,3.81
CLCV160,317,3.36
CLCV206,115,3.83
CLCV220,667,3.27
CLCV221,129,2.96
CLCV222,81,3.5
CLCV224,2626,3.81
CLCV225,135,3.69
CLCV230,21,3.82
CLCV231,1072,3.65
CLCV232,77,3.4
CLCV240,578,3.29
CLCV250,84,3.71
CLCV323,67,3.2
CLCV443,49,3.4
CLCV444,133,3.53
CMN101,9546,3.36
CMN102,8181,3.08
CMN111,1551,3.57
CMN112,1375,3.67
CMN113,505,3.36
CMN115,115,3.18
CMN199,119,3.63
CMN210,833,3.18
CMN211,1748,3.42
CMN212,3051,3.23
CMN213,717,3.59
CMN214,325,3.17
CMN215,92,3.53
CMN220,986,3.42
CMN230,5248,3.18
CMN231,151,3.34
CMN232,1777,3.46
CMN250,794,3.62
CMN260,3222,3.14
CMN275,1428,3.04
CMN277,3187,2.84
CMN280,766,3.2
CMN304,96,3.85
CMN310,267,2.86
CMN312,169,3.4
CMN314,50,3.46
CMN320,149,3.67
CMN321,3257,2.56
CMN323,898,3.47
CMN324,34,3.54
CMN326,1121,3.11
CMN327,57,2.97
CMN328,54,3.3
CMN336,2523,3.22
CMN338,164,3.02
CMN340,1631,3.42
CMN345,466,3.09
CMN361,278,3.44
CMN362,74,3.14
CMN368,6258,3.27
CMN370,44,3.47
CMN375,3455,3.19
CMN377,533,3.2
CMN396,3592,3.08
CMN410,464,3.45
CMN411,277,3.31
CMN412,401,3.26
CMN413,142,3.76
CMN415,23,3.52
CMN416,48,2.89
CMN421,348,3.06
CMN423,44,3.53
CMN424,68,3.49
CMN425,25,3.71
CMN427,68,2.68
CMN428,72,2.74
CMN429,679,2.95
CMN432,595,3.74
CMN433,23,2.93
CMN435,841,3.53
CMN437,81,3.23
CMN450,74,3.11
CMN462,603,3.33
CMN463,721,3.33
CMN464,312,3.39
CMN465,635,3.58
CMN476,190,3.47
CMN496,995,3.24
CMN502,42,3.86
CMN503,44,3.63
CMN504,21,3.92
CMN506,24,3.94
CMN529,24,3.67
CMN595,90,3.54
CPSC102,137,3.74
CPSC112,1984,3.2
CPSC113,1006,3.45
CPSC116,2517,3.82
CPSC117,342,3.7
CPSC131,4375,3.68
CPSC180,127,3.84
CPSC199,21,3.93
CPSC212,160,2.67
CPSC213,1806,3.13
CPSC215,136,2.81
CPSC226,592,2.95
CPSC241,321,2.78
CPSC261,306,3.23
CPSC265,87,3.86
CPSC270,451,3.08
CPSC336,309,3.36
CPSC352,368,3.08
CPSC370,21,3.35
CPSC412,178,3.56
CPSC414,201,3.69
CPSC415,78,3.82
CPSC418,827,3.71
CPSC419,140,3.8
CPSC426,184,3.47
CPSC431,323,3.31
CPSC437,135,3.74
CPSC440,2785,3.27
CPSC441,55,3.67
CPSC452,245,3.74
CPSC453,124,3.57
CPSC454,26,3.92
CPSC466,119,3.71
CPSC480,59,3.17
CPSC481,40,3.04
CPSC484,30,3.52
CPSC498,523,3.82
CPSC499,195,3.37
CPSC518,56,3.77
CPSC540,79,3.79
CPSC541,189,3.57
CPSC542,295,3.39
CPSC543,164,3.86
CPSC563,22,3.9
CPSC564,52,3.64
CPSC565,22,3.82
CPSC588,44,3.64
CPSC593,63,3.81
CS100,4306,3.76
CS101,16557,3.39
CS105,17251,3.24
CS124,6608,3.6
CS125,10474,3.38
CS126,2258,3.5
CS128,5119,3.54
CS173,14586,3.05
CS196,2404,3.78
CS199,842,3.72
CS210,3349,3.62
CS211,675,3.73
CS222,2273,3.89
CS225,17273,3.26
CS231,637,2.72
CS232,559,3.2
CS233,6419,3.34
CS240,182,3.31
CS241,5246,2.84
CS242,3350,3.41
CS277,125,3.54
CS296,1340,3.69
CS307,307,3.79
CS340,745,3.44
CS341,1515,3.64
CS357,8873,3.25
CS361,3213,3.42
CS373,1360,3.0
CS374,8315,2.87
CS398,1072,2.93
CS400,21,3.5
CS401,23,3.8
CS402,25,3.7
CS403,27,3.52
CS409,656,3.55
CS410,3979,3.86
CS411,10069,3.56
CS412,5340,3.39
CS414,105,3.2
CS415,1146,3.76
CS416,1451,3.84
CS418,3209,3.27
CS419,150,3.42
CS420,497,3.35
CS421,7515,3.39
CS422,22,3.79
CS423,1210,3.48
CS424,481,3.59
CS425,5479,3.3
CS426,237,3.41
CS427,2628,3.6
CS428,199,3.49
CS429,645,3.41
CS431,932,3.08
CS433,956,3.35
CS435,463,3.56
CS437,966,3.7
CS438,2458,3.23
CS440,7156,3.32
CS441,3926,3.8
CS442,43,3.42
CS443,130,3.18
CS444,957,3.64
CS445,1769,3.54
CS446,3229,3.38
CS447,1550,3.61
CS448,153,3.56
CS450,3085,3.15
CS457,24,2.63
CS460,652,3.66
CS461,3214,3.01
CS463,730,3.56
CS464,90,3.78
CS465,2868,3.32
CS466,1092,3.51
CS467,494,3.72
CS469,75,3.9
CS470,45,3.94
CS473,2139,2.86
CS475,24,3.48
CS476,24,3.57
CS477,246,3.52
CS484,699,3.32
CS492,527,3.5
CS493,373,3.61
CS494,50,3.59
CS498,14722,3.55
CS500,99,3.79
CS510,592,3.84
CS511,445,3.76
CS512,827,3.59
CS513,780,3.96
CS519,951,3.73
CS521,21,3.8
CS523,214,3.7
CS525,463,3.66
CS527,516,3.75
CS528,87,3.6
CS533,281,3.64
CS534,21,3.63
CS537,37,3.6
CS538,240,3.82
CS540,56,3.8
CS542,199,3.59
CS544,31,3.95
CS545,203,3.72
CS546,602,3.81
CS548,96,3.38
CS554,167,3.67
CS555,350,3.79
CS556,27,3.54
CS562,141,3.88
CS563,180,3.66
CS565,298,3.7
CS567,107,3.78
CS568,163,3.95
CS573,149,3.48
CS574,74,3.6
CS579,71,3.61
CS580,53,3.51
CS583,61,3.74
CS588,66,3.28
CS598,9117,3.82
CW100,1078,3.61
CW200,86,3.46
CW243,172,3.32
CWL114,1185,3.41
CWL151,162,3.73
CWL189,177,3.5
CWL190,24,3.12
CWL204,25,2.64
CWL207,2314,3.89
CWL208,30,3.84
CWL211,76,3.19
CWL241,663,3.55
CWL242,512,3.39
CWL320,124,2.67
CWL450,22,3.7
DANC100,5862,3.71
DANC101,346,3.76
DANC102,26,3.89
DANC105,559,3.76
DANC106,150,3.81
DANC107,386,3.77
DANC109,45,3.73
DANC111,23,3.78
DANC112,287,3.69
DANC116,123,3.77
DANC120,77,3.68
DANC121,21,3.88
DANC125,81,3.15
DANC131,21,3.9
DANC150,48,3.82
DANC160,175,3.28
DANC162,21,3.61
DANC166,21,3.64
DANC167,43,2.87
DANC175,22,3.61
DANC200,680,3.64
DANC201,200,3.75
DANC209,22,3.77
DANC212,26,3.6
DANC240,22,3.94
DANC259,66,3.9
DANC260,217,3.46
DANC261,24,3.26
DANC266,179,3.52
DANC268,55,3.34
DANC270,22,3.44
DANC301,153,3.67
DANC310,118,3.63
DANC340,418,3.35
DANC345,24,2.89
DANC360,200,3.44
DANC362,23,3.88
DANC363,21,3.95
DANC366,67,3.21
DANC410,22,3.04
DANC440,22,3.24
DTX180,45,3.48
DTX251,28,3.91
DTX455,23,3.73
DTX495,155,3.71
EALC122,96,3.64
EALC130,468,3.52
EALC199,24,3.37
EALC207,36,3.64
EALC208,40,3.67
EALC212,62,2.94
EALC222,151,3.1
EALC225,54,3.34
EALC230,1108,3.69
EALC240,25,3.51
EALC250,1485,3.03
EALC275,1060,3.41
EALC280,36,3.75
EALC285,201,3.59
EALC287,30,2.99
EALC305,175,3.36
EALC306,77,3.2
EALC307,29,3.12
EALC308,95,3.48
EALC320,24,2.59
EALC327,23,3.88
EALC361,28,3.17
EALC365,163,3.62
EALC367,72,3.89
EALC398,69,3.64
EALC415,28,3.46
ECE101,237,3.39
ECE110,12499,3.19
ECE120,7445,3.14
ECE190,1584,2.67
ECE198,1768,2.87
ECE199,323,3.71
ECE205,7965,3.15
ECE206,2523,3.72
ECE210,9257,2.67
ECE211,177,2.82
ECE220,6009,2.94
ECE290,1657,2.88
ECE298,256,3.74
ECE304,278,3.02
ECE307,179,3.14
ECE310,4938,2.96
ECE311,2367,3.5
ECE313,7658,2.74
ECE314,687,3.64
ECE316,1450,3.67
ECE317,270,3.66
ECE329,4753,2.88
ECE330,3495,2.84
ECE333,2423,3.18
ECE340,4019,2.65
ECE342,3447,3.1
ECE343,988,3.72
ECE350,951,3.18
ECE361,122,3.13
ECE364,43,3.74
ECE365,454,3.53
ECE374,35,3.39
ECE380,430,3.23
ECE385,7831,3.25
ECE391,5096,2.92
ECE395,343,3.67
ECE398,508,3.48
ECE401,47,3.66
ECE402,924,3.5
ECE403,29,3.71
ECE407,194,3.45
ECE408,3381,3.12
ECE410,322,2.71
ECE411,2521,2.97
ECE416,358,3.32
ECE417,381,3.56
ECE418,275,3.48
ECE420,677,3.63
ECE421,62,3.5
ECE425,367,3.14
ECE430,324,2.68
ECE431,664,3.15
ECE434,299,3.53
ECE435,26,3.73
ECE437,286,3.78
ECE438,147,3.53
ECE439,190,3.42
ECE440,536,2.76
ECE441,168,3.25
ECE442,279,3.12
ECE443,23,3.47
ECE444,1487,3.35
ECE445,4182,3.19
ECE447,51,3.6
ECE448,52,3.62
ECE450,197,3.29
ECE451,133,3.67
ECE452,45,3.58
ECE453,543,3.2
ECE454,140,3.43
ECE455,350,3.25
ECE456,103,3.26
ECE457,100,3.32
ECE458,23,3.29
ECE459,168,3.28
ECE460,48,3.71
ECE461,23,3.22
ECE462,558,3.23
ECE464,1113,3.03
ECE468,48,3.43
ECE469,598,3.63
ECE470,1737,3.33
ECE471,111,3.4
ECE473,303,3.08
ECE476,672,3.07
ECE479,124,3.28
ECE480,44,3.47
ECE481,284,3.66
ECE482,454,3.1
ECE483,593,3.27
ECE484,270,3.59
ECE485,240,3.55
ECE486,1856,3.38
ECE488,165,3.52
ECE490,852,3.56
ECE495,28,3.76
ECE498,695,3.35
ECE508,109,3.75
ECE510,45,3.64
ECE511,201,3.74
ECE512,26,3.12
ECE513,22,3.4
ECE515,1103,3.59
ECE517,149,3.76
ECE518,102,3.85
ECE520,374,3.65
ECE522,77,3.75
ECE526,99,3.46
ECE527,282,3.69
ECE528,188,3.66
ECE529,28,3.84
ECE532,27,3.73
ECE534,1192,3.69
ECE535,99,3.48
ECE536,24,3.75
ECE537,24,3.62
ECE540,47,3.74
ECE541,127,3.59
ECE543,122,3.8
ECE544,515,3.66
ECE546,114,3.87
ECE547,78,3.81
ECE549,2101,3.72
ECE550,29,3.79
ECE551,316,3.66
ECE553,42,3.9
ECE554,46,3.82
ECE555,22,3.75
ECE561,44,3.75
ECE563,202,3.76
ECE564,48,3.82
ECE566,95,3.71
ECE569,22,3.86
ECE574,23,3.82
ECE576,45,3.89
ECE580,56,3.77
ECE581,89,3.74
ECE584,24,3.78
ECE585,21,3.38
ECE586,161,3.78
ECE598,498,3.79
ECON102,44443,3.4
ECON103,27903,3.11
ECON199,167,3.67
ECON202,11209,2.92
ECON203,16231,2.77
ECON220,105,2.78
ECON302,20500,2.83
ECON303,6700,3.05
ECON402,447,2.83
ECON411,1485,2.9
ECON414,786,3.23
ECON415,561,3.15
ECON417,62,3.0
ECON418,465,3.19
ECON420,2779,3.24
ECON422,93,2.98
ECON425,206,3.0
ECON426,640,3.16
ECON437,1142,3.45
ECON440,1180,3.35
ECON442,111,3.0
ECON447,630,3.15
ECON448,650,3.2
ECON450,1193,3.16
ECON451,70,3.45
ECON452,1619,3.35
ECON453,70,3.5
ECON455,198,3.4
ECON456,28,3.08
ECON460,233,3.68
ECON462,272,3.13
ECON465,129,3.32
ECON469,219,3.42
ECON471,2217,2.88
ECON472,291,3.62
ECON474,215,3.29
ECON475,580,3.28
ECON480,1160,3.09
ECON481,454,3.37
ECON482,511,3.41
ECON483,829,3.49
ECON484,1064,3.35
ECON490,6550,3.3
ECON491,352,3.53
ECON500,1158,3.43
ECON501,682,3.6
ECON502,748,3.34
ECON503,794,3.55
ECON504,155,3.72
ECON505,415,3.63
ECON506,543,3.46
ECON507,95,3.51
ECON508,412,3.57
ECON509,400,3.59
ECON510,132,3.66
ECON511,162,3.4
ECON512,124,3.5
ECON513,126,3.36
ECON514,185,3.5
ECON516,422,3.61
ECON517,438,3.51
ECON519,84,3.53
ECON520,130,3.53
ECON522,145,3.5
ECON523,87,3.73
ECON528,8100,3.6
ECON529,6188,3.68
ECON530,103,3.51
ECON531,58,3.45
ECON532,332,3.63
ECON533,80,3.43
ECON534,53,3.3
ECON535,251,3.62
ECON536,34,3.56
ECON550,62,3.63
ECON563,135,3.52
ECON564,278,3.65
ECON565,53,3.34
ECON567,212,3.71
ECON568,377,3.71
ECON576,21,3.66
ECON590,830,3.67
EDUC101,2133,3.86
EDUC199,48,3.58
EDUC201,2161,3.73
EDUC202,1986,3.72
EIL411,325,3.77
EIL422,249,3.57
EIL445,108,3.87
EIL456,44,3.52
EIL460,239,3.7
EIL486,70,3.73
EIL488,72,3.58
EIL489,69,3.57
ENG100,2393,3.88
ENG101,2141,3.69
ENG110,105,3.71
ENG111,624,3.78
ENG177,897,3.75
ENG191,416,3.77
ENG198,2777,3.74
ENG199,1742,3.75
ENG200,23,3.76
ENG211,280,3.57
ENG250,77,3.86
ENG298,436,3.43
ENG300,372,3.91
ENG315,205,3.52
ENG333,397,3.53
ENG360,1322,3.62
ENG377,99,3.95
ENG398,657,3.79
ENG411,31,3.97
ENG450,53,3.64
ENG451,182,3.66
ENG460,332,3.77
ENG461,54,3.78
ENG465,53,3.88
ENG466,337,3.6
ENG471,980,3.71
ENG491,167,3.66
ENG498,64,3.87
ENG560,128,3.55
ENG565,168,3.88
ENG566,70,3.87
ENG567,24,3.9
ENG571,307,3.79
ENG572,37,3.85
ENG598,601,3.54
ENGL101,744,3.33
ENGL102,251,3.32
ENGL103,939,3.26
ENGL104,4648,3.28
ENGL106,31,3.5
ENGL109,2409,3.45
ENGL115,573,3.59
ENGL116,1104,3.51
ENGL117,58,3.83
ENGL119,808,3.42
ENGL120,360,3.49
ENGL121,306,3.36
ENGL122,146,3.48
ENGL199,65,3.57
ENGL200,2337,3.46
ENGL202,748,3.39
ENGL204,410,3.43
ENGL206,469,3.44
ENGL207,324,3.36
ENGL208,225,3.42
ENGL210,44,3.41
ENGL213,199,3.31
ENGL216,171,3.55
ENGL218,1068,3.5
ENGL219,49,3.49
ENGL220,51,3.55
ENGL221,22,3.55
ENGL241,86,3.11
ENGL242,53,3.66
ENGL245,758,3.47
ENGL247,334,3.37
ENGL248,45,3.47
ENGL250,326,3.53
ENGL251,439,3.39
ENGL253,176,3.42
ENGL256,176,3.65
ENGL259,462,3.62
ENGL260,212,3.47
ENGL261,24,3.27
ENGL270,91,3.37
ENGL272,96,3.55
ENGL273,490,3.33
ENGL274,113,3.01
ENGL276,60,3.43
ENGL280,339,3.43
ENGL281,271,3.44
ENGL285,455,3.59
ENGL286,372,3.33
ENGL300,842,3.34
ENGL301,1846,3.48
ENGL310,31,3.35
ENGL325,157,3.75
ENGL330,157,3.22
ENGL350,430,3.54
ENGL373,654,3.37
ENGL380,250,3.47
ENGL401,23,3.69
ENGL402,450,3.48
ENGL403,115,3.31
ENGL407,68,3.3
ENGL411,23,3.47
ENGL412,26,3.07
ENGL416,52,3.62
ENGL418,808,3.29
ENGL419,122,3.08
ENGL421,24,3.15
ENGL423,46,3.45
ENGL426,24,3.62
ENGL427,34,3.26
ENGL428,82,3.2
ENGL429,154,3.65
ENGL431,78,3.29
ENGL435,134,3.41
ENGL442,90,3.49
ENGL449,47,3.49
ENGL450,69,3.45
ENGL451,56,3.38
ENGL452,57,3.31
ENGL455,760,3.43
ENGL460,183,2.85
ENGL461,93,3.35
ENGL462,26,3.64
ENGL465,45,3.62
ENGL475,35,3.55
ENGL477,23,3.82
ENGL481,162,3.73
ENSU302,21,2.77
ENSU310,336,3.37
ENSU410,46,3.73
ENVS301,226,3.54
ENVS492,22,3.92
EOL440,469,3.85
EOL540,23,3.91
EOL541,109,3.69
EOL542,43,3.79
EOL543,46,3.64
EOL546,104,3.71
EOL547,184,3.67
EOL548,93,3.87
EOL568,448,3.81
EOL570,77,3.72
EOL571,77,3.81
EOL572,80,3.95
EOL573,31,3.83
EOL574,64,3.7
EOL580,64,3.97
EOL585,49,3.93
EPOL201,45,3.64
EPOL202,115,3.59
EPOL310,244,3.64
EPOL380,27,3.83
EPOL401,27,3.83
EPOL402,94,3.76
EPOL403,392,3.82
EPOL405,73,3.85
EPOL406,72,3.71
EPOL407,111,3.76
EPOL409,66,3.63
EPOL410,102,3.7
EPOL412,104,3.82
EPOL470,119,3.8
EPOL472,378,3.61
EPOL474,88,3.86
EPOL475,24,3.7
EPOL480,100,3.78
EPOL483,434,3.7
EPOL500,234,3.97
EPOL515,243,3.86
EPOL517,221,3.91
EPOL520,27,3.96
EPOL523,206,3.92
EPOL524,141,3.97
EPOL525,168,3.94
EPOL526,29,3.87
EPOL528,61,3.92
EPOL531,158,3.88
EPOL534,98,3.93
EPOL540,28,3.94
EPOL542,49,3.76
EPOL550,288,3.85
EPOL551,22,3.89
EPOL562,33,3.88
EPOL570,109,3.94
EPOL573,33,3.67
EPOL574,26,3.96
EPOL576,34,3.87
EPOL578,43,3.66
EPOL585,65,3.83
EPOL590,43,3.94
EPOL594,133,3.81
EPS201,590,3.75
EPS202,696,3.74
EPS310,745,3.42
EPS325,28,3.58
EPS380,30,3.7
EPS400,110,3.82
EPS402,550,3.65
EPS405,709,3.89
EPS410,220,3.71
EPS411,149,3.65
EPS412,77,3.67
EPS413,65,3.79
EPS415,1140,3.79
EPS420,278,3.6
EPS421,86,3.47
EPS423,194,3.85
EPS427,152,3.9
EPS431,101,3.97
EPS500,81,3.66
EPS529,297,3.88
EPS530,225,3.75
EPS533,345,3.84
EPS535,131,3.96
EPS536,326,3.91
EPS537,85,3.86
EPS538,114,3.85
EPS550,157,3.76
EPS580,59,3.96
EPS590,281,3.89
EPSY200,21,3.97
EPSY201,5603,3.77
EPSY202,1729,3.39
EPSY203,106,3.46
EPSY220,2889,3.6
EPSY236,515,3.68
EPSY252,46,3.93
EPSY400,49,3.75
EPSY401,392,3.66
EPSY404,33,3.94
EPSY407,363,3.76
EPSY408,662,3.96
EPSY420,2619,3.32
EPSY430,929,3.82
EPSY456,430,3.57
EPSY470,21,3.81
EPSY471,27,3.73
EPSY474,46,3.89
EPSY480,1468,3.67
EPSY485,1246,3.8
EPSY490,471,3.95
EPSY553,91,3.85
EPSY556,50,3.87
EPSY559,41,3.98
EPSY575,140,3.71
EPSY577,70,3.65
EPSY578,110,3.88
EPSY579,25,3.93
EPSY580,551,3.73
EPSY581,440,3.74
EPSY582,31,3.4
EPSY585,21,3.9
EPSY587,354,3.8
EPSY589,23,3.67
EPSY590,113,3.85
ERAM550,26,3.72
ERAM552,25,3.75
ERAM556,81,3.9
ERAM557,31,3.9
ERAM572,22,3.9
ERAM574,54,3.77
ERAM581,27,3.96
ESE100,24,3.09
ESE200,1452,3.16
ESE311,233,3.47
ESE320,1155,3.29
ESE360,427,3.11
ESE389,21,3.84
ESE445,503,3.52
ESE467,46,3.47
ESE482,85,3.14
ESE486,58,3.44
ESE497,142,3.38
ESL114,21,3.28
ESL115,84,3.66
ETMA100,222,3.4
ETMA103,97,2.99
ETMA130,74,3.65
ETMA199,26,3.86
ETMA232,106,3.48
ETMA233,90,3.71
ETMA234,49,3.31
ETMA311,432,3.49
ETMA339,105,2.86
ETMA352,135,3.36
ETMA371,47,3.69
ETMA372,108,3.37
ETMA421,88,3.61
ETMA422,71,3.55
ETMA435,97,3.72
ETMA439,74,3.66
EURO199,49,3.28
EURO415,185,3.64
EURO501,42,3.68
FAA101,3600,3.68
FAA102,236,3.26
FAA110,21,3.95
FAA201,282,3.22
FAA202,628,3.81
FAA220,336,3.86
FAA230,90,3.62
FAA330,96,3.59
FAA430,85,3.75
FAA431,50,3.26
FAA499,84,3.64
FIN199,67,3.94
FIN221,20204,3.28
FIN230,3448,3.4
FIN232,414,2.75
FIN241,2862,3.62
FIN300,5012,2.68
FIN311,95,3.25
FIN321,4545,3.37
FIN380,63,3.58
FIN390,167,3.85
FIN392,249,3.89
FIN393,208,3.9
FIN394,43,3.98
FIN411,1827,3.4
FIN412,1121,3.24
FIN415,26,3.22
FIN418,529,3.65
FIN419,73,3.39
FIN422,167,3.51
FIN423,2881,3.78
FIN424,470,3.48
FIN425,43,3.58
FIN428,113,3.48
FIN431,159,3.59
FIN432,183,3.64
FIN433,179,3.66
FIN434,519,3.72
FIN435,2277,3.56
FIN443,573,3.54
FIN444,425,3.79
FIN445,643,3.71
FIN446,449,3.62
FIN447,279,3.94
FIN451,23,3.42
FIN461,534,3.51
FIN463,788,3.55
FIN464,218,3.77
FIN490,435,3.72
FIN500,4517,3.5
FIN501,2186,3.51
FIN502,955,3.59
FIN503,344,3.6
FIN504,165,3.91
FIN510,184,3.71
FIN511,12080,3.59
FIN512,2139,3.54
FIN513,181,3.33
FIN514,429,3.56
FIN515,459,3.44
FIN516,382,3.54
FIN518,227,3.8
FIN520,582,3.68
FIN521,1695,3.54
FIN522,379,3.66
FIN524,237,3.52
FIN526,202,3.63
FIN527,409,3.7
FIN529,90,3.84
FIN530,128,3.81
FIN532,23,3.75
FIN535,21,3.5
FIN536,52,3.56
FIN537,161,3.54
FIN541,297,3.77
FIN544,21,3.75
FIN545,124,3.74
FIN546,92,3.74
FIN550,639,3.59
FIN551,295,3.38
FIN553,397,3.65
FIN554,46,3.77
FIN555,46,3.84
FIN556,55,3.66
FIN557,285,3.64
FIN558,181,3.4
FIN559,112,3.66
FIN561,85,3.48
FIN563,155,3.65
FIN566,159,3.56
FIN567,509,3.6
FIN568,47,3.77
FIN570,1896,3.6
FIN571,3184,3.45
FIN572,915,3.74
FIN573,501,3.84
FIN574,2434,3.49
FIN575,76,3.53
FIN578,84,3.59
FIN579,79,3.56
FIN580,9761,3.62
FIN581,368,3.86
FIN584,2431,3.5
FIN589,127,3.53
FR101,840,3.18
FR102,711,3.26
FR103,655,3.14
FR104,269,3.2
FR133,21,3.6
FR134,64,3.33
FR156,1789,3.67
FR199,52,3.67
FR205,23,3.18
FR387,28,3.65
FR418,293,3.53
FR435,21,2.87
FR436,27,3.57
FSHN101,9377,3.3
FSHN120,20916,3.52
FSHN123,74,3.95
FSHN125,50,3.78
FSHN131,404,3.45
FSHN140,300,3.54
FSHN145,173,3.78
FSHN150,375,3.82
FSHN175,638,3.64
FSHN193,178,3.85
FSHN199,719,3.69
FSHN201,49,3.48
FSHN220,1014,3.6
FSHN231,63,3.97
FSHN232,864,3.48
FSHN249,182,3.83
FSHN250,47,3.68
FSHN251,52,3.83
FSHN260,477,3.6
FSHN302,566,3.82
FSHN304,118,3.69
FSHN312,87,3.68
FSHN322,453,3.81
FSHN329,369,3.8
FSHN332,259,3.42
FSHN340,43,3.84
FSHN343,763,3.91
FSHN344,70,3.87
FSHN345,551,3.87
FSHN349,440,3.51
FSHN398,115,3.49
FSHN414,953,3.68
FSHN416,515,3.59
FSHN418,491,3.47
FSHN419,99,3.93
FSHN420,1022,3.46
FSHN421,176,3.53
FSHN422,189,3.9
FSHN426,1177,3.73
FSHN427,930,3.47
FSHN428,436,3.64
FSHN429,342,3.79
FSHN442,126,3.69
FSHN443,23,3.63
FSHN450,185,3.83
FSHN459,27,3.96
FSHN460,644,3.62
FSHN461,670,3.5
FSHN462,131,3.51
FSHN464,173,3.84
FSHN465,145,3.74
FSHN466,381,3.79
FSHN469,306,3.86
FSHN471,1491,3.43
FSHN472,190,3.49
FSHN480,206,3.42
FSHN481,188,3.5
FSHN482,45,3.88
FSHN483,199,3.41
FSHN499,85,3.85
FSHN502,38,3.98
FSHN514,98,3.89
FSHN517,84,3.61
FSHN518,21,3.93
FSHN519,92,3.98
FSHN573,51,3.87
FSHN595,721,3.87
GCL124,25,3.53
GCL125,47,3.43
GCL126,44,3.34
GCL129,25,3.45
GCL143,95,3.8
GCL144,70,3.85
GCL145,69,3.63
GCL146,25,2.78
GCL147,22,2.97
GCL148,46,3.67
GCL185,46,3.43
GCL186,72,3.04
GCL187,43,3.74
GCL188,24,3.74
GCL195,21,3.84
GCL199,24,3.71
GCL200,72,3.55
GCL210,21,3.14
GE100,185,3.85
GE101,21,3.28
GE161,598,3.17
GE261,509,3.09
GE310,532,3.31
GE311,515,3.09
GE312,513,3.19
GE320,487,3.19
GE330,91,3.32
GE331,157,2.65
GE361,357,3.49
GE400,841,3.53
GE402,46,3.52
GE410,228,3.22
GE413,75,3.08
GE420,49,3.32
GE422,95,3.09
GE423,200,3.75
GE424,560,3.19
GE450,358,3.61
GE494,158,3.89
GE495,861,3.88
GE530,22,3.84
GEOG100,102,2.92
GEOG101,4363,3.46
GEOG103,985,3.14
GEOG104,425,3.18
GEOG105,720,3.27
GEOG106,1707,3.38
GEOG110,1732,3.23
GEOG204,1110,3.16
GEOG205,171,3.33
GEOG210,1435,3.16
GEOG221,294,3.5
GEOG222,83,3.31
GEOG254,45,3.79
GEOG280,31,3.15
GEOG310,71,3.2
GEOG350,82,3.56
GEOG371,270,3.14
GEOG379,1682,3.19
GEOG380,196,3.46
GEOG384,21,3.17
GEOG406,77,3.12
GEOG407,98,3.52
GEOG410,55,3.37
GEOG412,53,3.45
GEOG438,51,3.55
GEOG440,86,3.71
GEOG455,27,3.56
GEOG465,104,3.57
GEOG466,145,3.41
GEOG468,118,3.73
GEOG471,21,3.88
GEOG473,130,3.7
GEOG476,31,3.87
GEOG477,155,3.25
GEOG479,197,3.55
GEOG480,53,3.56
GEOG481,45,3.4
GEOG483,87,3.39
GEOG489,93,3.72
GEOG507,29,3.93
GEOG517,24,3.61
GEOG527,26,3.75
GEOG570,25,3.48
GEOL100,2954,3.04
GEOL101,25,3.32
GEOL103,292,3.01
GEOL104,511,3.56
GEOL107,517,3.24
GEOL110,44,3.8
GEOL111,2037,2.9
GEOL117,2629,3.17
GEOL118,8107,3.11
GEOL143,453,3.23
GEOL208,223,3.04
GEOL350,23,3.33
GEOL380,170,3.57
GEOL401,67,3.11
GEOL411,292,3.14
GEOL415,44,3.34
GEOL417,36,2.91
GEOL432,121,2.59
GEOL436,50,2.9
GEOL440,318,3.22
GEOL452,22,3.3
GEOL454,21,3.36
GEOL470,243,3.29
GEOL484,22,3.65
GEOL497,54,3.5
GEOL512,21,3.68
GER101,700,3.34
GER102,546,3.19
GER103,582,3.1
GER104,66,3.27
GER201,129,3.41
GER205,67,3.39
GER211,23,3.52
GER250,392,3.64
GER251,1680,3.5
GER260,163,3.45
GER261,177,3.67
GER270,198,3.61
GER420,22,3.76
GER465,45,3.7
GER493,25,3.48
GER494,21,3.45
GGIS101,1442,3.81
GGIS103,170,3.44
GGIS104,89,3.43
GGIS105,49,2.99
GGIS106,156,3.45
GGIS204,326,3.51
GGIS210,362,3.35
GGIS221,112,3.75
GGIS224,45,3.73
GGIS254,114,3.62
GGIS350,28,3.47
GGIS371,25,3.36
GGIS379,369,3.25
GGIS380,97,3.41
GGIS403,22,3.34
GGIS407,150,3.62
GGIS439,28,3.86
GGIS465,28,3.68
GGIS466,59,3.38
GGIS473,73,3.55
GGIS477,98,3.56
GGIS496,23,3.64
GGIS527,21,3.58
GLBL100,2990,3.55
GLBL130,106,3.64
GLBL199,42,3.5
GLBL200,116,3.8
GLBL220,78,3.27
GLBL225,86,3.63
GLBL240,535,3.64
GLBL250,115,3.64
GLBL270,174,3.56
GLBL296,1557,3.56
GLBL340,45,3.71
GLBL350,175,3.42
GLBL392,274,2.99
GLBL450,90,3.44
GLBL494,22,3.63
GLBL499,24,3.5
GRKM201,35,3.59
GRKM202,23,3.4
GS101,20043,3.55
GS102,551,3.19
GS198,566,3.93
GS199,262,3.11
GSD101,455,3.75
GSD102,160,3.68
GSD103,140,3.12
GSD202,29,3.87
GSD390,43,3.71
GSD403,67,3.75
GSD405,54,3.75
GWS100,2737,3.17
GWS201,620,3.46
GWS202,890,3.39
GWS204,83,3.62
GWS250,128,3.35
GWS255,212,3.4
GWS275,594,3.49
GWS282,85,3.84
GWS295,50,3.39
GWS325,21,3.81
GWS333,24,3.53
GWS335,208,3.49
GWS337,22,1.84
GWS345,133,3.63
GWS350,217,3.45
GWS355,54,3.56
GWS363,118,3.22
GWS366,50,3.76
GWS370,274,3.18
GWS378,343,3.52
GWS380,83,3.34
GWS382,46,2.75
GWS385,128,3.47
GWS387,179,3.26
GWS395,22,3.31
GWS478,22,3.59
GWS485,25,3.71
HDFS101,824,3.63
HDFS105,11332,3.71
HDFS108,302,3.81
HDFS120,2677,3.46
HDFS199,80,3.88
HDFS206,260,3.76
HDFS207,45,3.8
HDFS208,911,3.85
HDFS220,2485,3.41
HDFS225,1053,3.46
HDFS261,49,3.26
HDFS290,986,3.29
HDFS301,993,3.33
HDFS305,717,3.66
HDFS310,545,3.62
HDFS320,131,3.65
HDFS322,311,3.61
HDFS330,91,3.64
HDFS335,44,3.18
HDFS340,690,3.46
HDFS379,79,3.96
HDFS398,24,3.61
HDFS401,715,3.67
HDFS405,868,3.61
HDFS408,507,3.72
HDFS420,452,3.77
HDFS425,668,3.66
HDFS426,563,3.24
HDFS444,44,3.33
HDFS494,24,3.75
HIST100,4027,3.38
HIST101,143,3.25
HIST102,68,3.26
HIST103,726,3.5
HIST104,1471,3.65
HIST105,344,3.32
HIST106,273,3.26
HIST110,329,3.25
HIST111,153,3.43
HIST112,66,3.17
HIST120,1892,3.19
HIST130,296,3.37
HIST135,215,3.06
HIST141,1255,3.03
HIST142,748,3.23
HIST164,300,3.35
HIST170,27,3.38
HIST171,1666,3.26
HIST172,2072,3.28
HIST199,216,3.65
HIST200,294,3.31
HIST202,230,3.01
HIST203,158,3.64
HIST205,236,3.58
HIST207,71,3.58
HIST211,210,3.47
HIST212,111,3.15
HIST213,118,3.46
HIST220,380,2.92
HIST221,433,3.52
HIST222,97,2.76
HIST226,49,3.29
HIST227,185,3.06
HIST236,679,3.5
HIST240,134,3.69
HIST241,1057,3.45
HIST245,255,3.13
HIST247,119,2.94
HIST251,577,2.78
HIST252,344,3.26
HIST253,129,3.38
HIST255,282,3.05
HIST256,182,3.1
HIST257,57,2.71
HIST258,554,3.09
HIST259,674,3.3
HIST260,406,3.25
HIST262,176,3.32
HIST263,460,3.31
HIST264,333,3.38
HIST265,88,3.16
HIST268,42,3.48
HIST269,468,3.35
HIST270,34,3.18
HIST271,325,3.0
HIST272,264,3.1
HIST273,770,3.26
HIST274,360,3.26
HIST275,209,3.48
HIST276,149,3.14
HIST277,499,3.34
HIST278,183,3.25
HIST279,50,3.33
HIST280,348,3.6
HIST281,1008,3.47
HIST283,509,3.39
HIST285,199,3.53
HIST286,204,3.4
HIST287,135,3.23
HIST293,51,3.36
HIST300,430,3.39
HIST305,35,3.0
HIST306,27,2.57
HIST307,143,3.71
HIST308,26,3.03
HIST310,153,3.65
HIST311,199,3.25
HIST312,137,3.37
HIST314,66,3.57
HIST315,45,3.06
HIST316,23,3.87
HIST317,25,3.26
HIST334,27,3.07
HIST335,187,3.26
HIST337,200,3.21
HIST338,24,3.17
HIST339,28,3.19
HIST342,24,3.43
HIST343,38,3.64
HIST344,24,3.35
HIST345,171,3.1
HIST346,87,3.41
HIST347,123,3.09
HIST348,104,3.34
HIST349,115,3.3
HIST350,117,3.31
HIST352,185,3.09
HIST353,174,3.54
HIST354,189,3.34
HIST355,50,3.52
HIST356,82,3.46
HIST357,130,3.34
HIST358,52,3.76
HIST361,102,3.46
HIST364,25,3.3
HIST365,189,3.46
HIST367,83,3.28
HIST368,26,3.73
HIST369,24,2.93
HIST370,220,3.29
HIST371,143,3.36
HIST372,67,3.5
HIST373,258,3.34
HIST374,525,3.21
HIST375,30,2.98
HIST376,84,3.18
HIST377,114,3.22
HIST380,136,3.2
HIST381,197,3.39
HIST390,267,3.56
HIST392,142,3.52
HIST394,78,3.46
HIST396,167,3.46
HIST397,98,3.08
HIST400,68,3.17
HIST401,23,3.1
HIST405,26,3.65
HIST406,48,2.89
HIST407,22,2.71
HIST410,43,3.27
HIST422,82,3.29
HIST427,22,3.58
HIST437,32,3.16
HIST439,178,3.47
HIST440,67,3.81
HIST441,110,3.62
HIST442,33,3.2
HIST443,82,3.57
HIST445,34,3.04
HIST446,52,3.29
HIST447,28,3.56
HIST450,24,2.8
HIST455,31,3.58
HIST456,28,3.22
HIST460,27,3.04
HIST461,92,3.32
HIST462,68,3.37
HIST466,79,3.09
HIST467,26,2.96
HIST471,64,3.38
HIST472,52,3.46
HIST473,28,2.88
HIST481,23,3.33
HIST488,21,3.05
HK100,109,3.86
HK103,84,3.93
HK104,373,3.75
HK106,151,3.86
HK109,510,3.79
HK110,405,3.54
HK111,469,3.71
HK125,415,3.86
HK140,139,3.68
HK141,39,3.9
HK150,142,3.09
HK154,511,3.59
HK171,161,3.74
HK200,211,3.49
HK201,207,3.76
HK203,43,3.7
HK204,199,3.72
HK205,115,3.56
HK206,167,3.68
HK207,340,3.68
HK208,723,3.83
HK209,68,3.7
HK242,126,3.25
HK243,230,3.61
HK250,114,3.41
HK262,35,3.51
HK263,64,3.81
HK264,93,3.88
HK270,25,3.78
HK271,893,3.72
HK272,23,3.84
HK300,120,3.39
HK302,194,3.84
HK305,43,3.66
HK340,129,3.27
HK350,21,3.8
HK352,89,2.94
HK353,121,3.18
HK370,76,3.82
HK408,210,3.79
HK409,31,3.91
HK410,112,3.82
HK414,28,3.81
HK416,81,3.64
HK417,63,3.3
HK418,187,3.93
HK420,53,3.56
HK421,70,3.71
HK438,28,3.81
HK440,35,3.97
HK442,139,3.76
HK453,63,3.83
HK470,133,3.81
HK471,42,3.98
HK517,30,3.86
HK532,29,3.91
HK534,28,3.84
HK550,28,3.88
HNDI201,23,3.64
HORT100,1784,3.37
HORT105,3852,3.62
HORT106,1443,3.32
HORT107,1781,3.64
HORT180,714,3.53
HORT205,135,3.64
HORT223,60,3.44
HORT240,21,3.57
HORT301,148,2.76
HORT302,81,2.92
HORT341,69,3.45
HORT344,24,3.2
HORT360,25,3.24
HORT361,121,3.61
HORT430,1480,3.45
HORT434,50,3.03
HORT435,61,3.52
HORT442,44,3.82
HORT447,21,3.56
HORT499,63,3.28
HORT505,28,3.94
HRD400,112,3.83
HRD402,31,3.84
HRD411,622,3.53
HRD414,43,3.73
HRD415,79,3.72
HRD440,55,3.59
HRD470,28,3.75
HRD472,368,3.59
HRD530,175,3.84
HRD532,65,3.81
HRD534,35,3.58
HRD535,25,3.76
HRD540,56,3.71
HRD550,103,3.85
HRD572,116,3.92
HRD585,147,3.84
HRE400,52,3.68
HRE401,213,3.37
HRE411,36,3.92
HRE415,25,3.66
HRE472,65,3.84
HRE490,78,3.51
HRE495,84,3.85
HRE530,52,3.74
HRE531,98,3.63
HRE532,49,3.75
HRE533,24,3.93
HRE535,51,3.79
HRE585,30,3.97
IB100,5646,3.11
IB101,103,3.41
IB102,269,2.89
IB103,1457,2.85
IB104,688,3.11
IB105,7445,3.32
IB106,865,3.5
IB107,303,3.37
IB108,851,3.09
IB109,443,3.17
IB110,693,3.82
IB150,9555,3.09
IB151,1878,3.65
IB199,1905,3.85
IB202,2501,3.34
IB203,300,3.46
IB204,2338,3.07
IB210,41,3.77
IB230,221,3.7
IB270,164,3.58
IB271,133,3.75
IB299,93,3.88
IB302,2173,3.08
IB303,578,2.93
IB329,2706,3.5
IB335,496,3.05
IB360,2373,3.55
IB361,1653,3.65
IB362,567,3.47
IB363,208,3.3
IB364,410,3.75
IB368,209,3.08
IB372,112,3.81
IB392,44,3.95
IB401,98,3.29
IB405,110,3.62
IB409,22,3.58
IB410,23,3.44
IB411,967,3.29
IB420,361,3.52
IB426,234,3.03
IB427,25,3.74
IB429,359,3.16
IB430,22,3.97
IB431,137,3.69
IB432,530,3.78
IB433,43,3.65
IB434,21,3.79
IB435,224,3.84
IB439,164,3.57
IB443,48,3.29
IB449,32,3.18
IB451,588,3.58
IB452,342,3.59
IB453,286,3.6
IB461,266,3.37
IB462,171,3.45
IB463,116,3.66
IB464,70,3.14
IB468,88,3.57
IB471,47,3.72
IB472,120,3.82
IB473,76,3.72
IB481,109,3.79
IB482,119,3.72
IB483,95,2.93
IB485,342,3.61
IB494,150,3.64
IB496,120,3.89
IB501,136,3.54
IB504,22,3.41
IB517,107,3.93
IB532,72,3.87
IB533,44,3.97
IB534,51,3.92
IB535,23,3.84
IB536,55,3.91
IB542,21,3.7
IB546,57,3.93
IB592,23,3.74
IE300,4845,2.9
IE310,2199,3.27
IE330,527,3.05
IE340,602,3.67
IE360,826,3.39
IE361,809,3.4
IE370,537,3.12
IE371,151,3.62
IE398,300,3.28
IE400,652,3.28
IE405,381,3.52
IE410,591,2.78
IE411,370,3.41
IE412,357,3.08
IE413,643,2.88
IE420,709,3.25
IE421,122,3.65
IE430,602,3.34
IE431,495,3.42
IE434,33,3.89
IE498,267,3.59
IE510,44,3.59
IE511,69,3.7
IE517,46,3.88
IE521,96,3.58
IE522,649,3.53
IE523,675,3.64
IE524,544,3.63
IE525,688,3.56
IE526,485,3.55
IE529,174,3.78
IE531,118,3.56
IE532,115,3.81
IE534,623,3.87
IE598,257,3.74
IHLT101,1165,3.63
IHLT102,1849,3.66
IHLT230,257,3.79
IHLT232,1591,3.65
IHLT240,224,3.68
IHLT375,1114,3.77
IHLT474,880,3.77
IHLT475,606,3.84
INFO102,1633,3.35
INFO103,215,3.02
INFO199,38,3.56
INFO202,1709,3.16
INFO310,54,3.03
INFO333,196,3.18
INFO390,27,3.2
INFO403,189,3.76
INFO407,594,3.67
INFO490,2241,3.51
IS100,1155,3.82
IS101,1379,3.8
IS142,131,3.53
IS145,39,3.79
IS199,338,3.73
IS200,210,3.91
IS202,1793,3.67
IS203,493,3.24
IS204,602,3.59
IS205,427,3.33
IS206,719,3.51
IS226,431,3.7
IS229,149,3.82
IS234,25,3.72
IS236,56,3.8
IS305,93,3.81
IS308,387,3.44
IS309,315,3.7
IS310,154,3.52
IS311,90,3.5
IS312,71,3.7
IS316,107,3.51
IS324,52,3.57
IS327,237,3.63
IS334,23,3.49
IS340,138,3.41
IS357,117,3.85
IS364,34,3.51
IS370,30,2.42
IS380,60,3.95
IS381,48,3.85
IS390,77,3.56
IS401,43,3.11
IS403,122,3.9
IS404,22,3.97
IS407,260,3.87
IS409,118,3.69
IS410,51,3.78
IS413,103,3.86
IS418,87,3.77
IS419,49,3.79
IS423,99,3.89
IS429,32,3.75
IS430,385,3.78
IS439,128,3.63
IS445,838,3.87
IS446,93,3.91
IS451,21,3.95
IS452,183,3.84
IS453,73,3.92
IS455,382,3.73
IS457,270,3.7
IS458,127,3.83
IS467,251,3.71
IS471,113,3.85
IS477,215,3.73
IS490,173,3.62
IS491,50,3.9
IS496,105,3.74
IS497,48,3.9
IS501,919,3.87
IS502,371,3.83
IS503,69,3.87
IS504,558,3.86
IS505,1035,3.85
IS506,121,3.87
IS507,583,3.83
IS508,222,3.91
IS509,31,3.81
IS510,714,3.85
IS514,48,3.7
IS515,373,3.83
IS516,46,3.77
IS517,158,3.85
IS519,53,3.82
IS521,21,3.74
IS523,183,3.6
IS525,303,3.89
IS527,23,3.92
IS530,229,3.88
IS532,606,3.92
IS534,101,3.99
IS537,1172,3.96
IS540,95,3.93
IS542,307,3.75
IS543,411,3.76
IS544,87,3.94
IS547,22,3.91
IS551,137,3.66
IS555,24,3.84
IS557,47,3.77
IS561,327,3.74
IS562,48,3.73
IS563,147,3.82
IS565,36,3.97
IS567,108,3.81
IS571,267,3.86
IS573,146,3.86
IS575,24,3.6
IS577,262,3.88
IS578,22,3.6
IS580,63,3.86
IS581,97,3.84
IS582,438,3.85
IS583,139,3.7
IS585,144,3.83
IS586,50,3.08
IS590,943,3.8
IS591,72,3.87
IS592,49,3.92
IS593,71,3.92
IS594,95,3.79
IS595,21,3.85
IS597,392,3.63
ITAL101,419,3.07
ITAL102,185,2.97
ITAL103,278,3.22
ITAL104,44,3.21
ITAL156,364,3.38
ITAL200,27,3.1
ITAL210,51,3.67
ITAL240,184,3.55
ITAL413,50,3.47
ITAL420,21,3.31
ITAL470,52,3.56
JAPN201,236,3.25
JAPN203,134,3.16
JOUR101,292,3.76
JOUR102,68,3.7
JOUR161,22,3.55
JOUR199,138,3.38
JOUR200,6610,3.3
JOUR205,889,3.1
JOUR215,81,3.24
JOUR250,708,3.56
JOUR293,273,3.55
JOUR310,23,3.82
JOUR311,943,3.4
JOUR315,21,3.65
JOUR360,225,3.83
JOUR361,175,3.51
JOUR405,414,2.96
JOUR411,353,2.97
JOUR425,22,3.01
JOUR427,25,3.26
JOUR450,147,3.56
JOUR451,201,3.61
JOUR452,22,3.09
JOUR453,340,3.72
JOUR460,438,3.33
JOUR471,51,3.37
JS209,21,3.51
JS355,21,3.75
KIN100,2447,3.75
KIN101,563,3.61
KIN102,1576,3.88
KIN103,541,3.87
KIN104,13297,3.77
KIN107,499,3.83
KIN108,2382,3.61
KIN109,1967,3.82
KIN111,92,3.9
KIN120,521,3.21
KIN121,314,3.24
KIN122,14056,3.39
KIN125,2783,3.87
KIN130,1261,3.58
KIN131,132,3.9
KIN132,52,3.89
KIN133,85,3.72
KIN135,76,3.7
KIN136,49,3.83
KIN140,3653,3.15
KIN142,8359,3.57
KIN150,3444,3.16
KIN160,303,3.24
KIN199,559,3.38
KIN201,1598,3.59
KIN210,383,3.9
KIN239,616,3.53
KIN240,491,3.41
KIN247,9590,3.61
KIN249,14446,3.63
KIN250,26,3.66
KIN257,1284,3.29
KIN259,1463,3.3
KIN260,22,3.77
KIN262,2104,3.21
KIN268,1514,3.72
KIN340,3294,3.32
KIN342,25,2.8
KIN345,31,3.79
KIN346,21,3.81
KIN351,30,3.67
KIN352,2655,3.15
KIN355,2572,3.28
KIN360,47,3.58
KIN361,24,3.56
KIN365,141,3.88
KIN369,1115,3.62
KIN387,232,3.87
KIN401,1157,3.45
KIN420,71,3.52
KIN442,654,3.82
KIN443,951,3.83
KIN444,59,3.83
KIN447,144,3.34
KIN448,1041,3.48
KIN449,132,3.95
KIN451,118,3.54
KIN452,76,3.57
KIN453,545,3.66
KIN457,46,3.49
KIN459,241,3.31
KIN460,70,3.73
KIN473,22,3.07
KIN494,604,3.78
KIN501,25,3.7
KOR201,239,3.7
KOR202,69,3.81
KOR203,47,3.8
KOR222,21,3.59
LA101,958,3.34
LA212,49,3.16
LA215,39,3.58
LA218,182,3.25
LA221,545,3.11
LA222,482,2.92
LA233,45,3.37
LA234,44,3.32
LA241,220,3.3
LA250,218,3.43
LA270,44,3.15
LA280,236,3.37
LA281,168,3.15
LA314,1210,3.29
LA335,50,3.39
LA342,253,3.11
LA343,186,3.37
LA346,342,3.51
LA352,21,2.91
LA370,474,3.28
LA390,77,2.49
LA427,24,3.12
LA437,48,3.47
LA446,79,3.79
LA452,198,3.45
LA470,47,3.38
LA480,375,3.31
LA501,123,3.48
LA590,22,3.58
LA597,28,3.47
LAS100,1685,3.81
LAS101,24405,3.69
LAS102,560,3.69
LAS112,119,3.61
LAS195,23,3.94
LAS199,708,3.56
LAS291,1637,3.69
LAS292,409,3.56
LAS399,683,3.86
LAST170,2482,3.5
LAST210,247,3.79
LAT101,22,3.08
LAT102,68,3.03
LAT103,21,2.69
LAW199,108,3.25
LAW201,133,3.16
LAW301,2382,3.62
LAW302,49,2.95
LAW303,514,3.74
LAW305,116,3.86
LAW501,690,3.37
LAW601,1914,3.21
LAW602,2538,3.19
LAW603,2058,3.18
LAW604,2028,3.2
LAW605,1142,3.37
LAW606,2010,3.2
LAW607,2567,3.22
LAW609,1579,3.19
LAW610,1102,3.18
LAW612,97,3.35
LAW615,534,3.37
LAW616,133,3.42
LAW618,92,3.23
LAW620,104,3.43
LAW622,91,3.28
LAW624,166,3.33
LAW625,203,3.31
LAW627,1464,3.18
LAW629,647,3.33
LAW631,562,3.32
LAW633,2760,3.36
LAW634,70,3.38
LAW635,30,3.7
LAW636,263,3.36
LAW638,277,3.41
LAW639,50,3.41
LAW642,152,3.41
LAW643,183,3.4
LAW644,168,3.23
LAW645,92,3.28
LAW647,1117,3.36
LAW648,116,3.36
LAW651,73,3.58
LAW653,274,3.34
LAW654,190,3.54
LAW656,498,3.34
LAW657,120,3.51
LAW660,21,3.28
LAW662,73,3.22
LAW664,246,3.38
LAW667,532,3.37
LAW668,658,3.35
LAW670,619,3.39
LAW673,153,3.41
LAW675,124,3.36
LAW676,59,3.34
LAW679,833,3.35
LAW680,2190,3.37
LAW682,1979,3.35
LAW683,135,3.4
LAW684,190,3.43
LAW685,144,3.37
LAW686,380,3.39
LAW687,85,3.26
LAW689,47,3.46
LAW694,1199,3.42
LAW792,3180,3.42
LAW793,453,3.58
LAW794,1003,3.37
LAW795,94,3.41
LAW796,636,3.41
LAW797,388,3.42
LAW798,188,3.55
LEAD116,244,3.89
LEAD140,1473,3.44
LEAD170,29,3.58
LEAD230,278,3.66
LEAD260,1600,3.61
LEAD321,111,3.62
LEAD339,29,3.83
LEAD340,285,3.62
LEAD380,317,3.63
LEAD425,70,3.66
LEAD427,35,3.48
LEAD440,218,3.84
LEAD460,72,3.61
LEAD470,323,3.82
LEAD480,316,3.86
LER100,6043,2.59
LER110,2114,2.58
LER120,1267,2.46
LER130,27,3.0
LER199,59,3.11
LER200,46,3.08
LER320,100,3.17
LER521,24,3.94
LER522,307,3.92
LER523,621,3.73
LER531,24,3.74
LER532,34,3.54
LER534,54,3.71
LER535,27,3.7
LER536,22,3.73
LER537,82,3.66
LER542,750,3.71
LER543,969,3.77
LER544,22,3.68
LER545,859,3.6
LER546,64,3.67
LER550,104,3.9
LER551,22,3.93
LER554,61,3.84
LER561,429,3.85
LER562,653,3.69
LER564,188,3.8
LER565,833,3.72
LER566,572,3.71
LER567,380,3.75
LER568,500,3.5
LER569,346,3.85
LER570,174,3.89
LER571,23,3.76
LER590,3861,3.71
LER591,1680,3.72
LER593,1539,3.67
LER595,869,3.72
LER597,86,3.71
LER598,107,3.69
LING100,2514,3.46
LING105,109,3.46
LING111,2125,3.56
LING115,994,3.47
LING210,808,3.43
LING222,298,3.41
LING225,999,3.1
LING250,950,3.54
LING270,596,3.57
LING301,798,3.05
LING302,429,3.18
LING307,828,3.04
LING357,46,3.42
LING400,69,3.53
LING401,399,3.1
LING402,116,3.32
LING406,456,3.62
LING413,123,3.71
LING425,83,3.3
LING426,44,3.04
LING446,23,3.1
LING450,154,3.67
LING489,96,3.56
LING490,111,3.72
LIS310,23,3.1
LIS351,48,3.6
LIS403,66,3.94
LIS404,55,3.91
LIS409,46,3.96
LIS418,22,3.86
LIS445,48,3.91
LIS446,25,3.84
LIS451,48,3.89
LIS452,103,3.81
LIS453,75,3.87
LIS458,335,3.83
LIS490,511,3.71
LIS501,1133,3.88
LIS502,1109,3.56
LIS504,615,3.88
LIS505,431,3.82
LIS506,223,3.87
LIS507,424,3.78
LIS508,142,3.89
LIS510,58,3.93
LIS514,46,3.88
LIS515,71,3.87
LIS516,21,3.95
LIS518,21,3.95
LIS524,23,3.86
LIS525,70,3.92
LIS526,22,3.81
LIS531,24,3.56
LIS542,86,3.66
LIS543,43,3.64
LIS545,23,3.74
LIS561,63,3.69
LIS562,136,3.6
LIS567,99,3.77
LIS569,87,3.73
LIS580,238,3.73
LIS581,302,3.8
LIS582,172,3.68
LIS586,119,3.59
LIS590,899,3.8
LLS100,2111,3.44
LLS220,403,3.31
LLS230,211,3.48
LLS235,137,3.34
LLS238,192,3.53
LLS240,365,3.68
LLS242,594,3.29
LLS250,255,3.6
LLS265,233,3.55
LLS279,604,3.49
LLS296,49,2.12
LLS301,52,2.82
LLS320,74,3.19
LLS343,74,3.44
LLS355,249,3.5
LLS357,86,3.6
LLS360,129,3.13
LLS379,80,3.38
LLS382,57,3.31
LLS385,45,3.34
LLS387,219,3.63
LLS392,288,3.55
LLS396,25,3.91
LLS410,25,3.3
LLS435,23,3.68
LLS442,22,3.6
LLS465,44,3.74
LLS473,22,3.81
LLS479,21,3.87
MACS100,10499,3.58
MACS101,6474,3.59
MACS140,126,3.71
MACS150,363,3.36
MACS166,281,3.59
MACS199,354,3.09
MACS203,853,3.57
MACS205,23,3.53
MACS224,284,3.68
MACS260,356,3.86
MACS261,595,3.1
MACS262,428,3.22
MACS264,810,3.27
MACS282,197,3.83
MACS295,106,3.59
MACS301,29,3.59
MACS317,511,3.24
MACS320,1113,3.28
MACS321,95,3.09
MACS323,52,3.75
MACS326,665,3.38
MACS331,109,3.46
MACS351,1249,3.24
MACS356,1744,3.37
MACS361,258,3.35
MACS364,231,3.26
MACS366,29,3.82
MACS370,74,3.82
MACS371,24,3.55
MACS372,110,3.72
MACS375,74,3.21
MACS389,104,3.5
MACS391,57,3.34
MACS395,169,3.25
MACS410,107,3.19
MACS464,127,3.52
MACS466,68,3.42
MACS496,22,3.43
MATH101,609,2.76
MATH103,2042,3.22
MATH112,3829,2.73
MATH115,8585,2.51
MATH117,599,3.29
MATH119,320,3.26
MATH12,759,2.2
MATH124,3111,2.95
MATH125,5513,2.72
MATH14,43,2.43
MATH181,1219,2.9
MATH199,1231,3.79
MATH2,180,2.29
MATH210,1216,2.94
MATH213,2248,3.07
MATH220,18132,2.58
MATH221,13785,2.87
MATH225,7443,2.87
MATH227,234,3.62
MATH231,31063,2.85
MATH234,7045,2.73
MATH241,38166,2.83
MATH249,218,3.52
MATH257,7359,3.28
MATH285,20034,3.17
MATH286,6012,3.02
MATH290,531,3.43
MATH292,126,2.73
MATH299,6946,3.0
MATH314,74,3.52
MATH347,4571,3.16
MATH348,140,2.96
MATH402,586,3.2
MATH403,469,3.26
MATH405,112,3.72
MATH410,958,3.27
MATH412,1176,3.1
MATH413,1374,3.12
MATH414,128,2.71
MATH415,17808,2.99
MATH416,2430,3.05
MATH417,1422,2.96
MATH418,91,3.51
MATH423,146,3.16
MATH424,250,3.57
MATH427,228,3.57
MATH428,21,3.94
MATH432,73,3.09
MATH441,3197,3.0
MATH442,1235,3.1
MATH444,2413,3.19
MATH446,1412,2.99
MATH447,724,3.23
MATH448,196,3.24
MATH453,1389,3.3
MATH461,2557,2.78
MATH471,937,2.94
MATH472,706,2.87
MATH476,799,3.14
MATH478,749,2.95
MATH479,25,3.05
MATH481,137,2.99
MATH482,713,3.22
MATH484,607,3.32
MATH487,87,3.39
MATH489,48,3.33
MATH490,153,2.97
MATH495,21,3.71
MATH500,445,3.46
MATH518,46,3.42
MATH525,45,3.53
MATH530,52,3.85
MATH540,599,3.63
MATH541,48,3.79
MATH542,119,3.63
MATH550,27,3.74
MATH553,67,3.8
MATH561,151,3.64
MATH562,24,3.84
MATH563,25,3.34
MATH564,205,3.72
MATH567,21,3.42
MATH568,49,3.53
MATH580,106,3.7
MATH595,92,3.84
MBA501,3614,3.49
MBA502,3635,3.55
MBA503,2327,3.6
MBA504,1829,3.66
MBA505,2571,3.54
MBA531,87,3.91
MBA541,1248,3.92
MBA542,2797,3.94
MBA543,2992,3.92
MBA544,1471,3.78
MBA545,1439,3.82
MBA546,1801,3.89
MBA547,2005,3.86
MBA548,2578,3.78
MBA549,908,3.93
MBA551,4818,3.83
MBA552,4846,3.68
MBA553,5179,3.78
MBA561,3810,3.78
MBA562,3988,3.94
MBA563,3612,3.74
MBA564,4190,3.9
MBA565,746,3.62
MBA592,360,3.9
MCB100,6920,2.98
MCB101,3783,3.38
MCB103,323,2.88
MCB104,52,3.51
MCB150,11942,3.01
MCB151,1321,3.74
MCB170,1638,3.65
MCB180,21,2.7
MCB199,346,3.67
MCB215,26,2.69
MCB240,242,2.86
MCB244,10298,3.01
MCB245,7284,2.85
MCB246,7223,2.86
MCB247,4969,2.94
MCB250,2899,2.66
MCB251,3873,3.49
MCB252,4378,3.25
MCB253,4004,3.64
MCB270,238,3.4
MCB297,23,3.83
MCB299,45,3.92
MCB300,3435,3.17
MCB301,3194,3.18
MCB312,245,3.49
MCB314,2118,2.85
MCB316,135,2.98
MCB317,1752,3.04
MCB320,981,3.27
MCB334,750,3.42
MCB354,2154,2.93
MCB364,21,3.32
MCB400,807,3.16
MCB401,1061,3.24
MCB402,1291,3.43
MCB405,93,3.23
MCB406,419,3.46
MCB408,1110,3.35
MCB410,417,3.42
MCB412,79,3.81
MCB413,1230,3.13
MCB419,25,3.34
MCB421,66,3.29
MCB424,283,3.57
MCB426,485,3.0
MCB428,573,3.39
MCB429,200,2.94
MCB431,240,3.52
MCB432,583,3.43
MCB435,364,3.46
MCB436,1178,3.77
MCB438,21,3.18
MCB450,8862,2.81
MCB458,234,3.53
MCB460,21,3.93
MCB461,1117,3.71
MCB462,894,3.55
MCB465,380,3.24
MCB466,112,3.72
MCB471,318,3.65
MCB474,47,3.89
MCB480,326,3.56
MCB493,1252,3.51
MCB501,602,3.44
MCB502,642,3.44
MCB529,21,3.5
MCB540,179,3.6
MCB545,31,3.95
MCB555,23,3.37
MDIA100,1902,3.45
MDIA199,165,3.48
MDIA223,464,2.63
MDIA270,561,3.73
MDIA290,37,3.16
MDIA293,46,3.47
MDIA320,603,3.71
MDIA370,811,3.57
MDIA380,131,3.57
MDIA390,217,3.69
ME170,4741,3.79
ME199,3932,3.89
ME200,3252,3.38
ME270,3233,3.45
ME300,3813,2.97
ME310,3334,3.08
ME320,3037,3.02
ME330,4303,3.35
ME340,3131,3.21
ME350,1054,3.11
ME360,2886,3.35
ME370,3174,3.45
ME371,3139,3.58
ME400,791,3.42
ME401,25,3.89
ME402,97,3.52
ME403,222,3.49
ME404,150,3.37
ME410,163,3.29
ME412,293,3.48
ME420,326,3.69
ME430,466,3.34
ME431,328,3.82
ME432,214,3.46
ME447,94,3.69
ME450,22,3.63
ME451,378,3.48
ME452,242,3.47
ME453,240,3.85
ME458,44,3.65
ME460,234,3.54
ME461,426,3.85
ME462,44,3.89
ME465,28,3.9
ME470,3159,3.77
ME471,1467,3.17
ME472,233,3.6
ME475,31,3.88
ME481,521,3.63
ME482,333,3.58
ME483,328,3.83
ME487,677,3.43
ME498,252,3.71
ME501,131,3.38
ME510,148,3.59
ME521,106,3.83
ME523,21,3.66
ME543,25,3.86
ME562,24,3.58
ME588,23,3.74
ME591,23,3.87
ME598,80,3.85
MILS120,182,3.05
MILS341,47,3.85
MS100,559,3.47
MS101,446,3.68
MS166,209,3.4
MS199,69,3.34
MS264,181,3.47
MS317,121,3.52
MS320,156,3.3
MS326,220,2.81
MS331,58,3.54
MS351,293,2.96
MS356,181,3.27
MS389,30,3.45
MS391,61,3.65
MS410,23,3.43
MS464,25,3.54
MSE101,584,3.4
MSE182,1226,3.4
MSE183,444,3.94
MSE201,1391,3.25
MSE206,1206,3.01
MSE280,3044,3.15
MSE304,1030,2.89
MSE307,1110,3.39
MSE308,1168,3.52
MSE395,1010,3.77
MSE396,318,3.87
MSE398,52,3.92
MSE401,1529,2.97
MSE402,1250,3.11
MSE403,493,3.15
MSE404,21,3.46
MSE405,1012,3.12
MSE406,1346,3.11
MSE420,184,3.06
MSE421,64,3.03
MSE422,91,3.13
MSE440,297,3.15
MSE441,327,3.1
MSE442,90,3.5
MSE443,337,3.4
MSE445,22,3.18
MSE450,845,3.21
MSE452,164,3.61
MSE453,321,3.15
MSE455,106,3.27
MSE456,381,3.07
MSE457,776,3.33
MSE458,274,3.3
MSE460,318,3.08
MSE461,225,3.58
MSE462,113,3.49
MSE470,882,3.58
MSE472,45,3.46
MSE473,232,3.32
MSE474,382,3.62
MSE480,679,3.49
MSE481,284,3.47
MSE485,271,3.59
MSE487,256,3.53
MSE488,109,3.33
MSE489,388,3.67
MSE494,116,3.8
MSE495,60,3.46
MSE498,143,3.85
MSE500,695,3.54
MSE522,24,3.14
MSE565,57,3.78
MSE580,52,3.56
MSE581,28,3.63
MSE582,28,3.83
MSE583,63,3.54
MSE584,24,3.95
MSE598,95,3.82
MUS101,248,2.75
MUS102,437,3.01
MUS103,438,3.29
MUS104,52,3.54
MUS105,22,3.07
MUS107,430,3.18
MUS108,388,3.17
MUS110,1310,3.3
MUS130,5578,3.39
MUS132,5476,3.7
MUS133,14213,3.56
MUS181,40,3.95
MUS199,62,3.83
MUS201,272,3.17
MUS202,246,3.02
MUS207,64,3.53
MUS208,47,2.74
MUS209,28,3.38
MUS240,487,3.67
MUS241,208,3.84
MUS242,302,3.3
MUS243,413,3.71
MUS244,134,3.41
MUS250,1527,3.92
MUS261,522,3.88
MUS262,647,3.93
MUS263,479,3.88
MUS268,201,3.95
MUS269,418,3.94
MUS270,44,3.98
MUS271,478,3.93
MUS272,799,3.9
MUS273,311,3.99
MUS274,171,3.98
MUS313,1453,3.03
MUS314,1269,3.16
MUS320,44,3.64
MUS333,94,3.18
MUS335,110,3.54
MUS339,144,3.63
MUS342,113,3.69
MUS343,278,3.54
MUS344,167,3.63
MUS346,207,3.72
MUS348,75,3.8
MUS350,191,3.59
MUS400,112,3.56
MUS407,236,3.37
MUS408,536,3.53
MUS410,79,3.29
MUS411,127,3.59
MUS413,32,3.58
MUS414,141,3.48
MUS415,56,3.74
MUS418,185,3.55
MUS421,32,3.24
MUS433,30,3.71
MUS434,277,3.58
MUS437,26,3.69
MUS439,323,3.7
MUS443,50,3.82
MUS444,161,3.71
MUS447,21,3.95
MUS450,225,3.95
MUS464,91,3.66
MUS499,1104,3.7
MUS501,370,3.43
MUS502,175,3.51
MUS519,22,3.46
MUS521,23,3.9
MUS524,52,3.35
MUS526,109,3.71
MUS527,109,3.85
MUS528,22,3.68
MUS533,30,3.61
MUS558,25,3.86
MUS560,21,3.12
MUSC462,370,3.86
MUSC463,66,3.92
MUSC464,664,3.91
MUSC465,310,3.93
MUSC468,43,3.88
MUSC469,22,3.97
MUSC475,81,3.93
MUSC476,211,3.97
MUSC478,160,3.97
MUSC480,154,3.98
MUSC481,156,3.83
MUSC482,158,3.94
MUSC484,619,3.93
MUSC487,731,3.98
MUSC488,69,3.93
MUSC489,44,3.88
MUSE200,203,3.56
MUSE250,651,3.53
NE100,62,3.69
NPRE100,609,3.69
NPRE101,866,3.02
NPRE199,584,3.81
NPRE200,124,3.42
NPRE201,1639,3.54
NPRE247,574,2.86
NPRE321,99,3.52
NPRE330,98,3.14
NPRE349,51,2.84
NPRE402,3329,3.5
NPRE412,106,3.25
NPRE421,489,3.08
NPRE423,25,3.3
NPRE429,73,3.43
NPRE431,497,3.05
NPRE432,194,3.59
NPRE441,518,3.54
NPRE442,215,3.31
NPRE445,103,3.77
NPRE446,540,3.57
NPRE447,412,3.56
NPRE448,472,2.7
NPRE449,28,3.0
NPRE451,188,3.16
NPRE455,522,2.72
NPRE457,344,3.71
NPRE458,320,3.62
NPRE470,539,3.58
NPRE475,1002,3.73
NPRE480,275,3.54
NPRE481,406,3.5
NPRE483,108,3.67
NPRE498,48,3.56
NPRE501,121,3.35
NPRE521,120,3.75
NPRE526,21,3.83
NPRE555,21,3.9
NPRE598,45,3.71
NRES100,2982,3.3
NRES101,2351,3.2
NRES102,9214,3.19
NRES103,1217,2.91
NRES105,1169,2.86
NRES199,253,3.52
NRES201,2250,2.81
NRES219,1505,3.24
NRES224,208,3.66
NRES285,110,3.58
NRES287,1770,3.25
NRES302,134,3.21
NRES325,526,3.49
NRES340,103,3.57
NRES348,1514,3.35
NRES351,82,3.07
NRES362,127,3.58
NRES401,175,3.26
NRES407,408,3.17
NRES409,251,3.1
NRES415,135,3.15
NRES416,22,3.91
NRES418,111,3.59
NRES419,495,3.2
NRES420,304,3.28
NRES421,1066,3.37
NRES424,44,3.5
NRES425,30,3.61
NRES426,86,3.54
NRES429,241,3.13
NRES439,84,3.66
NRES454,1366,3.26
NRES455,85,3.59
NRES456,848,3.17
NRES465,113,3.29
NRES471,47,3.83
NRES472,406,3.35
NRES474,435,3.18
NRES475,130,3.29
NRES480,22,3.8
NRES485,46,3.46
NRES488,648,2.86
NRES499,216,3.44
NRES502,69,3.64
NRES511,47,3.47
NRES593,126,3.75
NRES598,130,3.48
NS101,34,3.81
NS102,22,3.32
NS303,21,3.76
NUTR510,409,3.68
NUTR511,44,3.66
NUTR561,94,3.8
PATH433,287,3.06
PATH439,48,3.62
PATH629,101,3.72
PATH635,118,3.07
PATH637,118,2.66
PATH638,118,3.47
PATH641,118,3.98
PATH643,239,3.33
PHIL100,595,3.07
PHIL101,3614,3.06
PHIL102,5914,3.06
PHIL103,966,2.97
PHIL104,349,3.47
PHIL105,1440,3.09
PHIL106,46,3.67
PHIL107,288,3.3
PHIL201,24,3.5
PHIL202,956,2.95
PHIL203,1822,3.04
PHIL206,1604,3.04
PHIL210,238,3.51
PHIL214,561,3.29
PHIL222,242,3.55
PHIL223,267,3.13
PHIL230,189,3.22
PHIL250,263,3.24
PHIL270,133,3.07
PHIL325,59,2.88
PHIL380,205,3.47
PHIL404,24,3.51
PHIL410,24,2.82
PHIL411,68,2.59
PHIL412,26,3.67
PHIL414,74,3.48
PHIL421,505,3.26
PHIL422,52,3.52
PHIL424,70,3.14
PHIL425,141,3.08
PHIL426,279,3.16
PHIL427,21,2.74
PHIL429,64,3.02
PHIL430,181,3.47
PHIL435,150,3.3
PHIL436,253,3.28
PHIL438,48,2.84
PHIL439,78,3.19
PHIL440,53,2.85
PHIL441,51,3.28
PHIL442,57,3.39
PHIL443,28,3.55
PHIL454,86,3.17
PHIL477,183,3.53
PHYS100,6171,3.26
PHYS101,11536,2.83
PHYS102,8634,2.88
PHYS123,676,3.83
PHYS140,1419,3.11
PHYS150,376,3.09
PHYS199,94,3.7
PHYS211,27418,2.99
PHYS212,24276,2.84
PHYS213,17069,2.87
PHYS214,16846,2.89
PHYS221,23,3.74
PHYS225,3179,3.12
PHYS246,84,3.72
PHYS280,743,3.54
PHYS298,95,3.73
PHYS325,2855,3.05
PHYS326,1483,3.04
PHYS370,149,3.46
PHYS371,34,3.76
PHYS398,122,3.56
PHYS401,811,3.12
PHYS402,587,3.36
PHYS403,276,3.86
PHYS404,89,3.07
PHYS406,49,3.88
PHYS419,365,2.89
PHYS427,1480,3.18
PHYS435,2222,3.21
PHYS436,1418,3.34
PHYS446,30,3.44
PHYS460,554,3.38
PHYS470,366,3.37
PHYS475,187,3.32
PHYS485,519,3.13
PHYS486,1900,3.06
PHYS487,1194,3.22
PHYS496,161,3.75
PHYS498,144,3.46
PHYS499,43,3.84
PHYS504,263,3.62
PHYS505,62,3.85
PHYS508,318,3.38
PHYS513,151,3.69
PHYS514,59,3.78
PHYS515,143,3.52
PHYS550,27,3.51
PHYS560,338,3.77
PHYS563,48,3.72
PHYS569,94,3.62
PHYS570,26,3.73
PHYS580,603,3.51
PHYS581,207,3.54
PHYS582,282,3.57
PHYS596,234,3.93
PHYS598,121,3.81
PLPA200,3671,3.64
PLPA204,514,3.3
PLPA407,263,3.13
POL115,364,3.71
PORT150,54,3.84
PORT400,71,3.37
PORT401,22,2.38
PS100,6463,3.22
PS101,4775,3.02
PS152,592,3.31
PS170,162,3.68
PS180,289,3.35
PS191,117,3.58
PS199,928,3.32
PS200,487,2.39
PS201,2783,3.26
PS202,632,3.16
PS214,116,3.22
PS220,2896,3.04
PS222,92,3.0
PS224,574,3.27
PS225,1089,2.71
PS230,611,3.3
PS231,586,3.11
PS240,2201,3.33
PS241,2463,3.09
PS250,169,3.67
PS270,2014,3.19
PS272,75,3.35
PS280,4393,3.0
PS281,282,3.14
PS282,981,3.32
PS283,476,3.32
PS300,1578,3.42
PS301,1370,3.39
PS302,1035,3.36
PS303,467,3.26
PS304,207,2.65
PS305,500,3.35
PS306,25,3.97
PS310,22,3.7
PS312,632,2.75
PS313,51,2.87
PS314,71,3.04
PS316,134,3.85
PS317,24,3.1
PS318,233,3.18
PS319,225,3.02
PS320,434,3.27
PS321,389,3.04
PS322,703,3.04
PS323,472,3.1
PS329,45,2.76
PS330,452,2.97
PS339,314,3.24
PS340,48,3.09
PS341,67,3.29
PS343,297,3.41
PS344,44,3.31
PS345,48,3.41
PS346,26,3.65
PS347,146,3.08
PS348,1161,3.3
PS351,129,3.41
PS352,72,3.53
PS353,191,3.25
PS355,47,3.56
PS356,116,3.46
PS357,72,3.07
PS359,21,3.27
PS370,743,3.56
PS372,25,3.39
PS373,22,2.97
PS376,42,2.89
PS377,123,3.37
PS379,88,3.44
PS380,113,3.35
PS381,120,3.32
PS382,77,3.33
PS383,88,3.63
PS385,542,3.19
PS386,692,2.83
PS390,1202,3.44
PS391,73,3.51
PS392,44,3.06
PS394,212,3.32
PS395,340,2.99
PS396,291,3.23
PS397,124,3.47
PS398,198,3.31
PS410,44,3.74
PS456,27,3.31
PS457,23,3.48
PS481,21,3.34
PS491,51,3.57
PS495,27,3.66
PS499,115,3.53
PS525,45,3.83
PSM501,144,3.88
PSM502,72,3.71
PSM503,24,3.63
PSYC100,34671,3.06
PSYC103,336,2.92
PSYC105,114,3.51
PSYC144,153,3.72
PSYC199,24,3.33
PSYC201,11883,3.17
PSYC204,2425,3.36
PSYC207,427,3.36
PSYC210,4922,2.68
PSYC216,6975,3.06
PSYC220,361,2.99
PSYC224,5017,3.02
PSYC230,6153,3.36
PSYC235,1381,3.02
PSYC238,10055,3.17
PSYC239,2133,3.56
PSYC245,3838,3.28
PSYC248,4461,3.21
PSYC250,4276,3.16
PSYC255,44,3.26
PSYC265,51,2.64
PSYC296,32,3.71
PSYC302,664,3.31
PSYC306,63,3.26
PSYC308,232,3.68
PSYC312,1285,3.2
PSYC313,543,2.93
PSYC318,1058,3.25
PSYC320,735,3.47
PSYC321,206,3.33
PSYC324,1142,3.0
PSYC326,424,2.91
PSYC327,123,3.36
PSYC328,1101,3.35
PSYC331,405,3.25
PSYC332,1972,3.27
PSYC333,1101,3.23
PSYC334,26,2.97
PSYC336,1251,3.51
PSYC339,178,3.72
PSYC340,161,3.73
PSYC341,88,3.8
PSYC350,1300,3.62
PSYC351,85,3.03
PSYC352,27,3.44
PSYC353,2550,3.21
PSYC355,77,3.41
PSYC356,249,2.94
PSYC357,169,2.67
PSYC358,521,3.3
PSYC361,1375,3.1
PSYC363,1464,3.42
PSYC365,491,3.16
PSYC370,136,3.61
PSYC373,141,3.19
PSYC379,891,3.12
PSYC396,1274,3.43
PSYC402,152,3.64
PSYC403,2595,3.53
PSYC404,315,3.49
PSYC406,285,3.78
PSYC407,222,3.76
PSYC408,552,3.59
PSYC410,25,3.19
PSYC413,1337,3.03
PSYC414,1258,3.13
PSYC417,609,3.37
PSYC421,271,3.43
PSYC423,78,2.86
PSYC425,352,3.06
PSYC427,40,2.22
PSYC429,51,3.04
PSYC433,765,2.97
PSYC437,125,3.74
PSYC445,189,3.33
PSYC450,265,3.6
PSYC451,58,3.43
PSYC453,171,3.37
PSYC455,1611,3.23
PSYC456,382,3.3
PSYC458,26,3.08
PSYC462,259,3.09
PSYC465,2223,3.27
PSYC468,1188,3.28
PSYC475,946,3.53
PSYC484,28,3.72
PSYC489,22,3.64
PSYC490,42,3.92
PSYC496,935,3.71
PSYC506,184,3.83
PSYC507,157,3.8
PSYC514,186,3.55
PSYC525,22,3.86
PSYC530,50,3.83
PSYC534,23,3.93
PSYC588,34,3.87
PSYC594,227,3.71
REES201,83,3.82
REHB330,4639,3.57
REHB402,532,3.46
REHB435,453,3.68
REL101,103,3.32
REL104,1066,3.17
REL108,537,3.78
REL109,422,3.72
REL110,7029,3.6
REL120,243,3.23
REL132,161,3.67
REL134,145,3.26
REL208,356,3.92
REL214,351,3.54
REL223,132,3.6
REL231,28,3.12
REL235,21,3.35
REL236,52,3.33
REL270,28,3.44
REL286,49,3.59
REL287,208,3.06
REL350,22,2.98
REL403,52,3.81
REL495,40,3.3
RHET105,5506,3.44
RHET233,1709,3.45
RHET243,113,3.08
RLST101,406,2.86
RLST104,1917,3.19
RLST106,51,3.32
RLST108,696,3.71
RLST109,595,3.7
RLST110,6734,3.17
RLST120,371,3.41
RLST121,72,3.3
RLST127,86,3.4
RLST132,452,3.56
RLST170,21,3.65
RLST201,28,3.33
RLST202,53,3.02
RLST203,47,3.19
RLST208,93,3.87
RLST213,23,2.99
RLST214,311,3.28
RLST223,148,3.38
RLST231,48,3.09
RLST235,28,3.17
RLST236,68,3.0
RLST260,46,3.47
RLST270,128,3.06
RLST286,251,3.39
RLST287,155,3.53
RLST403,48,3.56
RLST408,21,3.3
RLST447,26,3.75
RLST483,29,3.47
RSOC110,122,3.55
RSOC270,40,2.92
RST100,7118,3.29
RST101,1702,3.52
RST110,2092,3.07
RST118,393,3.76
RST120,1064,3.41
RST130,2580,3.01
RST140,442,3.38
RST150,393,3.47
RST180,23,3.65
RST199,5084,3.42
RST200,2222,3.4
RST205,741,3.62
RST210,795,3.31
RST216,732,3.43
RST217,251,3.48
RST218,203,3.26
RST230,6144,3.3
RST240,650,3.35
RST242,20089,3.57
RST255,2697,3.24
RST260,1021,3.24
RST300,690,3.51
RST301,126,3.34
RST316,1721,3.24
RST320,839,3.23
RST325,981,3.18
RST330,1273,3.44
RST335,1683,3.43
RST340,1450,3.57
RST341,120,3.41
RST350,79,3.67
RST351,107,3.4
RST354,1300,3.04
RST360,371,3.56
RST370,1487,3.4
RST393,172,3.62
RST407,24,3.46
RST410,1334,3.1
RST420,658,3.12
RST429,1443,3.17
RST430,471,3.39
RST440,264,3.21
RST457,53,3.89
RST460,550,3.46
RST465,463,3.5
RST480,1345,3.39
RST501,136,3.67
RST503,66,3.76
RST512,76,3.52
RST515,51,3.69
RST516,21,3.91
RST518,28,3.59
RST519,25,3.34
RST520,48,3.42
RST593,51,3.85
RST594,74,3.77
RUSS115,87,3.59
RUSS122,86,3.44
RUSS201,23,3.37
RUSS202,23,3.51
RUSS220,93,3.05
RUSS225,44,2.94
RUSS322,66,3.82
RUSS323,85,3.46
SAME133,51,2.59
SAME152,121,3.08
SBC500,322,3.81
SBC501,342,3.71
SBC502,318,3.71
SBC503,159,3.6
SBC504,306,3.66
SBC505,190,3.78
SBC506,306,3.55
SBC507,64,3.6
SBC508,122,3.62
SBC509,279,3.73
SBC510,158,3.78
SBC511,237,3.63
SBC512,286,3.88
SCAN101,28,3.58
SCAN215,173,3.18
SCAN225,237,3.58
SCAN240,24,3.33
SCAN251,2002,3.48
SCAN252,278,3.37
SCAN490,23,3.07
SCAN492,21,3.14
SCR115,100,3.7
SE100,1046,3.84
SE101,1276,3.31
SE261,1367,3.18
SE310,593,3.33
SE311,482,3.1
SE312,487,3.03
SE320,574,3.26
SE361,135,3.41
SE400,764,3.5
SE402,113,3.62
SE410,255,3.29
SE411,71,3.63
SE412,23,3.32
SE413,159,3.29
SE420,115,3.47
SE422,263,3.57
SE423,286,3.73
SE424,489,3.21
SE450,353,3.33
SE494,739,3.76
SE495,990,3.84
SHS120,15958,3.53
SHS121,2043,3.3
SHS150,1597,2.98
SHS170,3521,3.45
SHS171,262,3.19
SHS200,1362,3.28
SHS221,1221,3.29
SHS222,6945,3.76
SHS240,1420,3.27
SHS270,1136,3.47
SHS271,998,3.63
SHS280,857,3.25
SHS300,1285,3.15
SHS301,1227,3.32
SHS320,1878,3.55
SHS321,1211,3.2
SHS333,303,3.76
SHS352,676,3.79
SHS375,994,3.79
SHS380,680,3.56
SHS383,184,3.63
SHS385,602,3.56
SHS390,110,3.23
SHS410,350,3.62
SHS411,415,3.53
SHS427,480,2.98
SHS430,452,3.7
SHS431,501,3.59
SHS433,32,3.57
SHS450,1387,3.17
SHS451,1257,3.42
SHS470,354,3.64
SHS473,973,3.75
SHS475,112,3.88
SHS477,51,3.85
SHS480,96,3.72
SHS481,26,3.72
SHS482,29,3.58
SHS511,176,3.73
SHS512,111,3.51
SHS513,139,3.69
SHS514,213,3.86
SHS532,197,3.87
SHS533,204,3.89
SHS534,310,3.76
SHS535,47,3.97
SHS570,345,3.51
SHS571,151,3.64
SHS572,85,3.88
SHS574,54,3.79
SHS576,83,3.88
SHS577,509,3.86
SHS578,56,3.9
SHS579,332,3.76
SHS593,80,3.91
SLAV117,229,3.63
SLAV120,101,3.46
SLCL110,24,3.92
SLCL200,144,3.68
SOC100,16335,3.41
SOC101,989,3.05
SOC122,123,3.37
SOC160,943,3.4
SOC161,356,3.29
SOC162,874,3.33
SOC163,460,3.47
SOC170,106,3.15
SOC179,58,3.39
SOC196,592,3.14
SOC199,130,3.66
SOC200,2181,3.35
SOC225,805,3.37
SOC226,521,3.39
SOC230,93,3.53
SOC261,110,3.47
SOC270,460,2.96
SOC273,272,3.07
SOC274,225,3.38
SOC275,2215,3.45
SOC280,745,3.06
SOC310,1519,3.41
SOC350,1064,3.49
SOC364,389,3.21
SOC367,49,3.09
SOC373,550,3.3
SOC374,30,2.86
SOC375,463,3.64
SOC378,557,3.59
SOC380,1090,3.33
SOC396,560,3.31
SOC400,69,3.79
SOC426,24,3.86
SOC447,95,3.16
SOC450,134,3.12
SOC470,122,3.11
SOC477,21,3.71
SOC479,589,3.62
SOC480,359,3.24
SOC481,96,3.07
SOC485,134,3.08
SOC488,27,2.83
SOC495,49,3.63
SOC496,53,3.16
SOC583,66,3.76
SOC586,45,3.61
SOCW101,505,3.51
SOCW199,126,3.57
SOCW200,3025,3.12
SOCW225,377,3.27
SOCW240,656,3.43
SOCW245,43,3.76
SOCW297,680,3.83
SOCW300,3014,3.51
SOCW315,79,3.6
SOCW321,758,3.67
SOCW340,77,3.55
SOCW360,586,3.73
SOCW370,137,3.84
SOCW380,350,3.69
SOCW397,100,3.36
SOCW400,513,3.76
SOCW401,606,3.73
SOCW402,487,3.61
SOCW403,501,3.7
SOCW404,44,3.64
SOCW410,1924,3.76
SOCW412,52,3.76
SOCW415,54,3.66
SOCW416,279,3.55
SOCW417,50,3.63
SOCW420,306,3.76
SOCW425,21,3.32
SOCW427,1567,3.66
SOCW436,206,3.66
SOCW451,1538,3.71
SOCW455,286,3.81
SOCW461,372,3.85
SOCW470,184,3.8
SOCW471,95,3.81
SOCW472,25,3.86
SOCW500,674,3.67
SOCW501,160,3.73
SOCW502,114,3.82
SOCW503,382,3.84
SOCW504,25,3.9
SOCW505,517,3.82
SOCW506,161,3.79
SOCW507,156,3.7
SOCW508,67,3.82
SOCW509,705,3.79
SOCW513,75,3.95
SOCW514,288,3.85
SOCW515,111,3.85
SOCW516,46,3.46
SOCW519,230,3.84
SOCW520,49,3.53
SOCW521,22,3.95
SOCW522,26,3.75
SOCW525,47,3.73
SOCW526,246,3.75
SOCW531,455,3.88
SOCW532,261,3.9
SOCW541,676,3.6
SOCW542,841,3.75
SOCW552,1600,3.74
SOCW553,184,3.85
SOCW554,28,3.84
SOCW561,287,3.81
SOCW589,1926,3.68
SPAN101,109,2.66
SPAN102,156,2.95
SPAN103,397,2.69
SPAN122,805,2.71
SPAN130,509,3.22
SPAN141,655,2.78
SPAN142,341,3.24
SPAN200,1139,3.35
SPAN202,21,3.95
SPAN204,707,3.33
SPAN208,21,3.69
SPAN228,311,3.32
SPAN232,156,3.79
SPAN246,146,3.63
SPAN248,765,3.64
SPAN250,55,3.59
SPAN252,441,3.52
SPAN254,118,3.42
SPAN303,324,3.56
SPAN305,255,3.49
SPAN307,394,3.53
SPAN308,667,3.67
SPAN309,187,3.46
SPAN312,75,3.36
SPAN314,43,3.04
SPAN316,43,3.5
SPAN318,191,3.63
SPAN320,114,3.54
SPAN324,22,3.05
SPAN326,284,3.64
SPAN332,90,3.75
SPAN395,61,3.63
SPAN478,23,3.77
SPAN571,22,3.78
SPED117,13128,3.78
SPED199,34,3.6
SPED205,747,3.78
SPED312,125,3.87
SPED317,141,3.86
SPED322,1943,3.53
SPED405,2806,3.75
SPED414,168,3.82
SPED424,82,3.62
SPED426,162,3.89
SPED431,243,3.82
SPED438,288,3.9
SPED440,318,3.8
SPED441,213,3.7
SPED444,244,3.85
SPED446,238,3.89
SPED447,348,3.91
SPED448,339,3.65
SPED450,211,3.8
SPED461,234,3.86
SPED465,153,3.67
SPED470,148,3.96
SPED471,278,3.85
SPED513,42,3.95
SPED514,173,3.88
SPED517,106,3.85
SPED526,26,3.92
STAT100,41523,3.32
STAT107,4631,3.56
STAT200,7726,3.46
STAT207,1318,3.55
STAT212,5657,3.5
STAT385,2393,3.64
STAT400,17790,3.2
STAT408,1044,2.98
STAT409,1126,3.15
STAT410,6507,3.07
STAT420,6984,3.57
STAT424,288,3.46
STAT425,4654,3.45
STAT426,1771,3.42
STAT427,101,3.93
STAT428,1578,3.38
STAT429,966,3.42
STAT430,2858,3.5
STAT431,585,3.56
STAT432,1779,3.62
STAT433,473,3.56
STAT434,79,3.39
STAT437,170,3.67
STAT440,2962,3.63
STAT443,528,3.51
STAT447,212,3.53
STAT448,2376,3.49
STAT480,544,3.59
STAT510,1177,3.54
STAT511,133,3.86
STAT525,377,3.86
STAT527,180,3.83
STAT541,21,3.3
STAT542,1382,3.8
STAT546,43,3.75
STAT553,47,3.39
STAT571,432,3.76
STAT575,22,3.9
STAT578,117,3.78
SWAH201,22,3.29
SWAH202,43,3.45
SWAH403,25,2.3
SWAH404,24,3.7
TAM195,612,3.38
TAM201,104,3.79
TAM210,5541,2.94
TAM211,6818,2.72
TAM212,9687,2.9
TAM251,8086,2.91
TAM252,374,3.52
TAM302,56,3.57
TAM335,4847,2.83
TAM412,577,2.88
TAM427,25,3.02
TAM428,72,3.18
TAM435,153,3.33
TAM445,481,2.95
TAM451,221,3.28
TAM456,164,3.55
TAM461,138,3.7
TAM470,740,3.07
TAM498,38,3.12
TAM531,43,3.6
TAM532,101,3.58
TAM538,27,3.67
TAM541,912,3.58
TAM542,260,3.64
TAM551,361,3.31
TE100,340,3.74
TE200,570,3.82
TE250,555,3.76
TE298,242,3.69
TE333,312,3.55
TE360,1155,3.77
TE398,22,3.55
TE401,339,3.82
TE440,22,3.77
TE450,332,3.57
TE460,530,3.82
TE461,58,3.86
TE462,23,3.86
TE466,301,3.61
TE498,23,3.97
TE510,78,3.96
TE565,106,3.88
TE566,48,3.84
TE567,104,3.93
TE598,23,3.93
THEA100,1585,3.73
THEA101,24967,3.59
THEA102,262,3.77
THEA103,235,3.18
THEA104,33,3.5
THEA105,32,3.53
THEA106,33,2.76
THEA110,1716,3.72
THEA121,179,3.8
THEA122,148,3.58
THEA123,104,3.67
THEA170,244,3.51
THEA175,95,3.36
THEA200,45,3.77
THEA208,474,3.69
THEA218,149,3.54
THEA220,24,2.94
THEA262,403,3.53
THEA263,42,3.37
THEA270,97,3.78
THEA271,75,3.62
THEA304,98,3.33
THEA360,387,2.64
THEA361,381,2.7
THEA364,48,3.89
THEA399,67,3.92
THEA400,138,3.84
THEA426,23,3.19
THEA433,25,3.69
THEA450,141,3.85
THEA452,26,3.0
THEA595,406,3.51
TRST201,26,3.36
TRST407,51,3.55
TRST410,42,3.74
TRST415,79,3.46
TSM100,1209,2.61
TSM103,127,2.66
TSM130,48,3.54
TSM199,72,3.33
TSM232,433,3.08
TSM233,682,3.09
TSM234,593,3.06
TSM262,172,3.05
TSM311,1686,3.4
TSM352,302,3.08
TSM363,157,3.42
TSM371,451,3.14
TSM372,374,3.09
TSM381,58,3.17
TSM421,398,3.17
TSM422,391,3.53
TSM425,100,3.31
TSM435,245,3.55
TSM438,325,3.11
TSM464,250,2.93
TSM465,21,2.75
TSM486,78,3.41
UKR113,298,3.82
UP101,2806,3.31
UP116,299,3.39
UP136,346,3.68
UP160,127,3.25
UP185,629,3.42
UP199,76,3.42
UP201,338,3.67
UP203,189,3.37
UP204,472,3.17
UP205,666,3.23
UP211,234,3.64
UP230,81,3.37
UP246,23,3.6
UP260,490,3.36
UP311,210,3.57
UP312,518,3.32
UP316,467,3.13
UP330,231,3.19
UP335,47,3.21
UP340,271,3.66
UP345,73,3.47
UP347,250,3.5
UP357,53,3.74
UP405,103,3.43
UP406,214,3.49
UP407,54,3.78
UP408,22,3.64
UP418,909,3.56
UP423,214,3.63
UP426,46,3.34
UP430,553,3.67
UP434,61,3.71
UP437,35,3.79
UP438,169,3.39
UP445,24,3.4
UP446,48,3.51
UP447,48,3.76
UP456,68,3.74
UP460,51,3.69
UP466,79,3.67
UP470,23,3.57
UP473,74,3.59
UP474,44,3.33
UP475,174,3.76
UP480,413,3.39
UP486,100,3.56
UP494,320,3.5
UP501,366,3.68
UP503,273,3.83
UP504,405,3.73
UP505,311,3.58
UP508,144,3.75
UP509,22,3.65
UP510,219,3.59
UP511,314,3.73
UP517,61,3.84
UP519,27,3.89
UP545,24,3.75
UP570,30,3.8
UP594,24,3.44
VB619,118,3.13
VB620,124,3.29
VB624,39,3.62
VB626,106,3.92
VCM504,25,3.72
VCM505,48,3.4
VCM507,120,3.56
VCM509,119,3.5
VCM513,57,3.9
VCM514,52,3.88
VCM540,100,3.94
VCM547,29,3.76
VCM560,52,3.75
VCM561,21,3.76
VCM565,103,3.75
VCM625,59,3.92
VCM630,118,3.42
VCM631,119,2.78
VCM632,123,2.84
VCM633,123,3.16
VCM636,239,3.97
VCM637,124,3.02
VCM638,239,2.99
VCM639,239,3.95
VCM649,23,3.91
VCM651,123,3.44
VCM652,123,3.11
VCM653,123,3.14
VCM654,223,3.37
VCM655,171,2.79
VCM660,163,3.45
VCM667,239,3.08
VCM672,131,3.95
VCM673,460,3.97
VCM675,123,3.79
VCM676,123,3.13
VCM685,51,3.94
VM602,2034,2.77
VM603,1858,2.91
VM604,1825,2.81
VM605,1970,2.82
VM607,1846,2.97
VM608,1692,2.84
VM609,1264,2.8
VM610,1258,2.62
VM611,1143,2.75
VM620,272,3.82
VM651,410,2.69
VM652,539,2.53
VM653,535,2.58
VM654,535,2.81
VM655,385,2.85
VM656,385,2.89
YDSH220,126,3.59
YDSH320,214,3.36
